School,Name,Position,Class,Hometown,High School
Iowa,Diante Vines,WR,Jr.,"Danbury, Conn.",The Taft School
Iowa,Xavier Nwankpa,DB,So.,"Pleasant Hill, Iowa",Southeast Polk
Iowa,TJ Hall,DB,So.,"Fresno, Calif.",San Joaquin Memorial
Iowa,Kaleb Johnson,RB,So.,"Hamilton, Ohio",Hamilton
Iowa,Kaleb Brown,WR,So.,"Chicago, Ill.",St. Rita
Iowa,Cooper DeJean,DB,Jr.,"Odebolt, Iowa",OA-BCIG
Iowa,Koen Entringer,DB,RS Fr.,"Ypsilanti, Mich.",Walled Lake Western
Iowa,Leshon Williams,RB,Jr.,"Chicago, Ill.",Richards
Iowa,Teegan Davis,DB,Fr.,"Princeton, Ill.",Princeton
Iowa,Joe Labas,QB,So.,"Brecksville, Ohio",Brecksville-Broadview Heights
Iowa,Seth Anderson,WR,So.,"Suwanee, Ga.",North Gwinnett
Iowa,Zach Lutmer,DB,Fr.,"Rock Rapids, Iowa",Central Lyon/GLR
Iowa,Jacob Bostick,WR,RS Fr.,"Palatine, Ill.",Palatine
Iowa,John Nestor,DB,Fr.,"Chicago, Ill.",Marist
Iowa,Deshaun Lee,DB,RS Fr.,"Belleville, Mich.",Belleville
Iowa,"Terrell Washington, Jr.",RB,Fr.,"Wylie, Texas",Wylie East
Iowa,Jaziun Patterson,RB,RS Fr.,"Pompano, Beach, Fla.",Deerfield Beach
Iowa,Tory Taylor,P,Sr.,"Melbourne, Australia",Haileybury College
Iowa,Deacon Hill,QB,So.,"Santa Barbara, Calif.",Santa Barbara
Iowa,Nick Jackson,LB,Sr.,"Atlanta, Ga.",The Lovett School
Iowa,Marco Lainez,QB,Fr.,"Princeton, N.J.",The Hun School
Iowa,Cade McNamara,QB,Sr.,"Reno, Nev.",Damonte Ranch
Iowa,Jaxon Rexroth,LB,So.,"Cedar Rapids, Iowa",Xavier
Iowa,Joe Evans,DE,Sr.,"Ames, Iowa",Ames
Iowa,Reese Osgood,WR,RS Fr.,"Franklin, Wis.",Franklin
Iowa,Alex Mota,WR,Fr.,"Marion, Iowa",Marion
Iowa,Kahlil  Tate,DB,Fr.,"Chicago, Ill.",Kenwood Academy
Iowa,Amare  Bickham,DB,Fr.,"Fulshear, Texas",Fulshear
Iowa,Graham Friedrichsen,WR,RS Fr.,"Urbandale, Iowa",Urbandale
Iowa,Jamison Heinz,DB,Jr.,"Humboldt, Iowa",Humboldt
Iowa,Brenden Deasfernandes,DB,Jr.,"Belleville, Mich.",Belleville
Iowa,Alex Eichmann,WR,RS Fr.,"Sussex, Wis.",Hamilton-Sussex
Iowa,Drew Stevens,K,So.,"North Augusta, S.C.",North Augusta
Iowa,Alec Wick,WR,So.,"Iowa City, Iowa",Regina Catholic
Iowa,Tommy  Poholsky,QB,Fr.,"Evergreen, Colo.",Evergreen
Iowa,Deavin Hilson,DB,So.,"Des Moines, Iowa",North
Iowa,Dayton Howard,WR,Fr.,"Kansas City, Mo.",Park Hill
Iowa,Watts McBride,DB,Fr.,"Cedar Rapids, Iowa",Washington
Iowa,Kaden Wetjen,WR,Jr.,"Williamsburg, Iowa",Williamsburg
Iowa,Max White,RB,So.,"Cedar Rapids, Iowa",Kennedy
Iowa,Landyn Van Kekerix,LB,RS Fr.,"Rock Valley, Iowa",Boyden Hull/Rock Valley
Iowa,Ayden  Price,WR,Fr.,"West Des Moines, Iowa",Valley
Iowa,Kelby Telander,LB,So.,"North Liberty, Iowa",Liberty
Iowa,Kael Kolarik,DB,RS Fr.,"Indianola, Iowa",Indianola
Iowa,Aidan McDermott,WR,Fr.,"Cedar Rapids, Iowa",Xavier
Iowa,Jermari Harris,DB,Jr.,"Chicago, Ill.",Montini Catholic
Iowa,Aidan Hall,LB,Fr.,"Harlan, Iowa",Harlan
Iowa,Kamari Moulton,RB,Fr.,"Ft. Lauderdale, Fla.",Cardinal Gibbons
Iowa,Sebastian Castro,DB,Sr.,"Oak Lawn, Ill.",Richards
Iowa,Judah  Mallette,WR,Fr.,"Chicago, Ill.",Hope Academy
Iowa,Quinn Schulte,DB,Sr.,"Cedar Rapids, Iowa",Xavier
Iowa,Nolan DeLong,LB,Fr.,"Durant, Iowa",Durant
Iowa,Eli Miller,FB,So.,"Sedalia, Colo.",Lipscomp Academy
Iowa,Ben Kueter,LB,Fr.,"Iowa City, Iowa",Iowa City
Iowa,Jackson Filer,DL,Jr.,"Des Moines, Iowa",Dowling Catholic
Iowa,Jay Higgins,LB,Sr.,"Indianapolis, Ind.",Brebeuf Jesuit Prep
Iowa,Tanner  Pollock,LB,Jr.,"Waterloo, Iowa",West
Iowa,Jayden Montgomery,LB,RS Fr.,"Suamico, Wis.",Bay Port
Iowa,Kyler Fisher,LB,Sr.,"Farnhamville, Iowa",SE Valley
Iowa,Greg Fagan,LB,RS Fr.,"Council Bluffs, Iowa",St. Albert
Iowa,Luke Elkin,LS,Jr.,"Neenah, Wis.",Neenah
Iowa,Eric Epenesa,LB,So.,"Glen Carbon, Ill.",Edwardsville
Iowa,Josef Smith,LB,Jr.,"Britt, Iowa",West Hancock
Iowa,Jalyn  Thompson,TE,Fr.,"West Des Moines, Iowa",Dowling
Iowa,Jaden Harrell,LB,So.,"Urbandale, Iowa",Urbandale
Iowa,Rusty  VanWetzinga,FB,Fr.,"Pleasant Valley, Iowa",Pleasant Valley
Iowa,Zach Twedt,LB,So.,"Story City, Iowa",Roland-Story
Iowa,Karson Sharar,LB,So.,"Iowa Falls, Iowa",Iowa Falls-Alden
Iowa,Grant Leeper,TE,Fr.,"Fort Wayne, Ind.",Homestead
Iowa,Kenneth Merrieweather,DL,Fr.,"Detroit, Mich.",M.L. King
Iowa,Deontae Craig,DL,Jr.,"Fort Wayne, Ind.",Culver Academies
Iowa,Jack Laughlin,LB,Fr.,"Carlisle, Iowa",Carlisle
Iowa,Max Llewellyn,DL,So.,"Urbandale, Iowa",Urbandale
Iowa,Zach  Ortwerth,TE,Fr.,"St. Louis, Mo.",University
Iowa,Ethan Hurkett,DL,Jr.,"Cedar Rapids, Iowa",Xavier
Iowa,Andrew Lentsch,TE,So.,"West Des Moines, Iowa",Dowling Catholic
Iowa,Luke Gaffney,DL,RS Fr.,"Robins, Iowa",Linn-Mar
Iowa,Asher Fahey,OL,Jr.,"Waukon, Iowa",Waukon
Iowa,Michael Myslinski,OL,So.,"Jacksonville, Fla.",Bishop Kenny
Iowa,Anterio Thompson,DL,So.,"Dubuque, Iowa",Hempstead
Iowa,Jeremiah Pittman,DL,So.,"Palatine, Ill.",St. Viator
Iowa,Maddux Borcherding-Johnson,DL,Fr.,"Norwalk, Iowa",Norwalk
Iowa,Nick DeJong,OL,Sr.,"Pella, Iowa",Pella
Iowa,Will Hubert,DL,RS Fr.,"Omaha, Neb.",Papillion-La Vista
Iowa,Kade Pieper,OL,Fr.,"Norfolk, Neb.",Catholic
Iowa,Griffin Liddle,OL,So.,"Bettendorf, Iowa",Bettendorf
Iowa,Rusty Feth,OL,Sr.,"Colerain, Ohio",Colerain
Iowa,Cael  Winter,OL,Fr.,"Waukee, Iowa",Northwest
Iowa,Leighton Jones,OL,Fr.,"Brownsburg, Ind.",Brownsburg
Iowa,Logan Jones,OL,Jr.,"Council Bluffs, Iowa",Lewis Central
Iowa,Jeremy Chaplin,OL,So.,"Waverly, Iowa",Waverly-Shell Rock
Iowa,Gennings Dunker,OL,So.,"Lena, Illinois",Lena-Winslow
Iowa,Beau Stephens,OL,So.,"Blue Springs, Mo.",Blue Springs
Iowa,Jack Dotzler,OL,RS Fr.,"Waunakee, Wis.",Waunakee
Iowa,Kale Krogh,OL,RS Fr.,"Huxley, Iowa",Ballard
Iowa,Kyson Van Vugt,OL,RS Fr.,"Sioux Center, Iowa",Western Christian
Iowa,Trevor Lauck,OL,Fr.,"Indianapolis, Ind.",Roncalli
Iowa,Cannon Leonard,OL,Fr.,"Gilman, Ill.",Iroquois West
Iowa,Tyler Elsbury,OL,Jr.,"Byron, Ill.",Byron
Iowa,Connor Colby,OL,Jr.,"Cedar Rapids, Iowa",Kennedy
Iowa,Mason Richman,OL,Jr.,"Leawood, Kan.",Blue Valley
Iowa,Daijon Parker,OL,Sr.,"Inkster, Mich.",Westland John Glenn
Iowa,Cael Vanderbush,TE,RS Fr.,"Plainfield, Ind.",Plainfield
Iowa,Johnny Pascuzzi,TE,So.,"Olathe, Kan.",Rockhurst
Iowa,Erick All,TE,Sr.,"Fairfield, Ohio",Fairfield
Iowa,Jarriett Buie,WR,Fr.,Tampa. Fla.,Jesuit
Iowa,Luke Lachey,TE,Jr.,"Columbus, Ohio",Grandview
Iowa,Logan Lee,DL,Sr.,"Orion, Ill.",Orion
Iowa,Jeff Bowie,DL,So.,"West Branch, Iowa",West Branch
Iowa,Steven Stilianos,TE,Sr.,"Hayes, Va.",Christchurch School
Iowa,Andrew Kraus,DL,RS Fr.,"Barrington, Ill.",Barrington
Iowa,Addison Ostrenga,TE,So.,"Sun Prairie, Wis.",Sun Prairie
Iowa,Hayden Large,FB,Sr.,"Hudsonville, Mich.",Unity Christian
Iowa,Nico Ragaini,WR,Sr.,"East Haven, Conn.",Notre Dame
Iowa,Brian  Allen,DE,RS Fr.,"Lake in the Hills, Ill.",St. Thomas More HS (Conn.)
Iowa,Chase Brackney,DL,Fr.,"Greenwood Village, Colo.",Cherry Creek
Iowa,Marshall Meeder,K,Sr.,"Eaton Rapids, Mich.",Eaton Rapids
Iowa,Anu Dokun,DE,Jr.,"Iowa City, Iowa",West
Iowa,Yahya Black,DL,Jr.,"Marshall, Minn.",Marshall
Iowa,Aaron Graves,DL,So.,"Dayton, Iowa",Southeast Valley
Iowa,Caden Crawford,DL,RS Fr.,"Lansing, Kan.",Lansing
Iowa,Liam Reardon,LS,Jr.,"Chicago, Ill.",Mount Carmel
Iowa,Chris Reames,DL,Sr.,"Van Meter, Iowa",Van Meter
Iowa,Ty Nissen,P,Jr.,"Carroll, Iowa",Carroll
Iowa,Noah Shannon,DL,Sr.,"Aurora, Ill.",Oswego
Nebraska,Nash Hutmacher,Defensive Lineman,Junior,"Oacoma, S.D.",Chamberlain
Nebraska,Maurice Mazzccua,Running Back,Junior,"Philadelphia, Pa.",Neuman-Goretti HS / West Chester University
Nebraska,Billy Kemp IV,Wide Receiver,Senior,"Richmond, Va.",Highland Springs HS / Virginia
Nebraska,Isaac Gifford,Defensive Back,Junior,"Lincoln, Neb.",Southeast
Nebraska,Nick Henrich,Linebacker,Junior,"Omaha, Neb.",Burke
Nebraska,Luke Reimer,Linebacker,Senior,"Ashland, Kan.",Lincoln (Neb.) North Star
Nebraska,John Bullock,Linebacker,Junior,"Omaha, Neb.",Creighton Prep
Nebraska,Quinton Newsome,Defensive Back,Senior,"Suwanee, Ga.",North Gwinnett
Nebraska,Jeff Sims,Quarterback,Junior,"Jacksonville, Fla.",Sandalwood HS / Georgia Tech
Nebraska,DeShon Singleton,Defensive Back,Junior,"Amite, La.",St. Helena / Hutchinson (Kan.) CC
Nebraska,Ty Robinson,Defensive Lineman,Junior,"Gilbert, Ariz.",Higley
Nebraska,Jimari Butler,Linebacker,Sophomore,"Mobile, Ala.",Murphy
Nebraska,Heinrich Haarberg,Quarterback,Sophomore,"Kearney, Neb.",Catholic
Nebraska,Joshua Fleeks,Wide Receiver,Senior,"Dallas, Texas",Cedar Hill HS / Baylor
Nebraska,Cameron Lenhardt,Defensive Lineman,Freshman,"Staten Island, N.Y.",IMG (Fla.) Academy
Nebraska,Omar Brown,Defensive Back,Senior,"Minneapolis, Minn.",North HS / Northern Iowa
Nebraska,Chubba Purdy,Quarterback,Sophomore,"Queen Creek, Ariz.",Perry HS / Florida State
Nebraska,Malcolm Hartzog,Defensive Back,Sophomore,"Silver Creek, Miss.",Jefferson Davis County
Nebraska,Marcus Washington,Wide Receiver,Senior,"St. Louis, Mo.",Trinity Catholic HS / Texas
Nebraska,Chief Borders,Linebacker,Sophomore,"Chicago, Ill.",Heard County (Ga.) HS / Florida
Nebraska,Rahmir Johnson,Running Back,Junior,"Harlem, New York City, N.Y.",Bergen Catholic (N.J.)
Nebraska,Tamon Lynum,Defensive Back,Sophomore,"Orlando, Fla.",Evans
Nebraska,Malachi Coleman,Wide Receiver,Freshman,"Lincoln, Neb.",Lincoln East
Nebraska,Janiran Bonner,Fullback,Redshirt Freshman,"Ellenwood, Ga.",Cedar Grove
Nebraska,Elijah Jeudy,Defensive Lineman,Sophomore,"Philadelphia, Pa.",Northeast HS / Texas A&M
Nebraska,Ty Hahn,Wide Receiver,Sophomore,"Johnson, Neb.",Johnson-Brock
Nebraska,Jack Woche,Quarterback,Redshirt Freshman,"Austin, Texas",IMG [Fla.] Academy / Ole Miss
Nebraska,Brian Buschini,Punter,Junior,"Helena, Mont.",Capital HS / Montana
Nebraska,Princewill Umanmielen,Defensive Lineman,Freshman,"Austin, Texas",Manor
Nebraska,Kaine Williams,Linebacker,Sophomore,"Marrero, La.",John Ehret HS / Alabama
Nebraska,Jaylen Lloyd,Wide Receiver,Freshman,"Omaha, Neb.",Westside
Nebraska,Luke Longval,Quarterback,Redshirt Freshman,"Sioux City, Iowa",Sioux City East / Iowa Western CC
Nebraska,Emmett Johnson,Running Back,Redshirt Freshman,"Minneapolis, Minn.",Academy of Holy Angels
Nebraska,Dwight Bootle II,Defensive Back,Freshman,"Miami, Fla.",Palmetto
Nebraska,Gabe Ervin Jr.,Running Back,Sophomore,"Buford, Ga.",Buford
Nebraska,Ashton Hausmann,Defensive Back,Sophomore,"Roca, Neb.",Norris
Nebraska,Anthony Grant,Running Back,Senior,"Buford, Ga.",Buford HS / Florida State / New Mexico Military Institute
Nebraska,Corey Collier Jr.,Defensive Back,Sophomore,"Miami, Fla.",Palmetto HS / Florida
Nebraska,Marques Buford Jr.,Defensive Back,Junior,"DeSoto, Texas",Trinity Christian School/St. Thomas More (Conn.) Prep
Nebraska,Thomas Fidone II,Tight End,Sophomore,"Council Bluffs, Iowa",Lewis Central
Nebraska,Javier Morton,Defensive Back,Junior,"Atlanta, Ga.",Stephenson HS / Garden City (Kan.) CC
Nebraska,Kenneth Williams,Running Back,Freshman,"Detroit, Mich.",Lincoln [Neb.] High
Nebraska,Koby Bretz,Defensive Back,Sophomore,"Omaha, Neb.",Westside
Nebraska,Roman Mangini,Wide Receiver,Redshirt Freshman,"Mesa, Ariz.",Desert Ridge
Nebraska,Kwinten Ives,Running Back,Freshman,"Beverly, N.J.",Palmyra
Nebraska,Ethan Nation,Defensive Back,Freshman,"Roswell, Ga.",Roswell
Nebraska,Eric Fields,Linebacker,Freshman,"Ardmore, Okla.",Ardmore
Nebraska,Randolph Kpai,Linebacker,Sophomore,"Sioux Falls, S.D.",Washington
Nebraska,Tristan Alvano,Place Kicker,Freshman,"Omaha, Neb.",Westside
Nebraska,Tommi Hill,Defensive Back,Junior,"Orlando, Fla.",Edgewater HS / Arizona State
Nebraska,Barron Miles Jr.,Wide Receiver,Sophomore,"Montreal, Quebec, Canada",Chandler (Ariz.)
Nebraska,Rahmir Stewart,Defensive Back,Freshman,"Philadelphia, Pa.",Imhotep Institute
Nebraska,Javin Wright,Linebacker,Junior,"Chandler, Ariz.",Hamilton
Nebraska,Garrett Snodgrass,Linebacker,Junior,"York, Neb.",York
Nebraska,Barret Liebentritt,Fullback,Sophomore,"Omaha, Neb.",Skutt Catholic HS / Notre Dame
Nebraska,Trevin Luben,Running Back,Sophomore,"Wahoo, Neb.",Wahoo
Nebraska,D'Andre Barnes,Defensive Back,Freshman,"Aurora, Colo.",Regis Jesuit
Nebraska,Blake Closman,Defensive Back,Sophomore,"Elkhorn, Neb.",Millard North
Nebraska,Taveon Thompson,Wide Receiver,Sophomore,"Lincoln, Neb.",Southeast
Nebraska,Phalen Sanford,Defensive Back,Senior,"Benkelman, Neb.",Dundy County-Stratton HS / Hastings College
Nebraska,Isaiah Harris,Running Back,Sophomore,"Omaha, Neb.",Millard South
Nebraska,Timmy Bleekrode,Place Kicker,Junior,"Atlanta, Ga.",Marist School / Furman
Nebraska,Cooper Wilson,Wide Receiver,Freshman,"Bonney Lake, Wash.",Bonney Lake
Nebraska,Derek Branch,Defensive Back,Sophomore,"Lincoln, Neb.",Southeast
Nebraska,Gage Wager,Punter,Freshman,"Arlington, Texas",Arlington Martin
Nebraska,Trevor Ruth,Fullback,Redshirt Freshman,"Seward, Neb.",Seward HS / Nebraska-Kearney
Nebraska,Demitrius Bell,Wide Receiver,Freshman,"Nashville, Tenn.",McGavock
Nebraska,Elliott Brown,Wide Receiver,Sophomore,"Omaha, Neb.",Elkhorn South
Nebraska,Mikai Gbayor,Linebacker,Sophomore,"Irvington, N.J.",Irvington
Nebraska,Cole Ballard,Running Back,Freshman,"Elkhorn, Neb.",Elkhorn South
Nebraska,Michael Booker III,Linebacker,Sophomore,"Grand Prairie, Texas",South Grand Prairie
Nebraska,Landon Ternus,Fullback,Freshman,"Columbus, Neb.",Lakeview
Nebraska,Luke Lindenmeyer,Tight End,Redshirt Freshman,"La Vista, Neb.",Papillion-La Vista
Nebraska,Syncere Safeeullah,Defensive Back,Freshman,"Nashville, Tenn.",IMG (Fla.) Academy
Nebraska,Braden Klover,Fullback,Sophomore,"Wymore, Neb.",Southern
Nebraska,Marco Ortiz,Long Snapper,Senior,"Richmond, Va.",Benedictine HS / Florida
Nebraska,Grant Buda,Linebacker,Sophomore,"Lincoln, Neb.",Southwest
Nebraska,John Goodwin,Tight End,Junior,"Lincoln, Neb.",Lincoln High
Nebraska,Gage Stenger,Linebacker,Redshirt Freshman,"Omaha, Neb.",Millard South
Nebraska,Caden Becker,Tight End,Redshirt Freshman,"Omaha, Neb.",Skutt Catholic / Wyoming
Nebraska,MJ Sherman,Linebacker,Junior,"Baltimore, Md.",St. John's College (D.C.) HS / Georgia
Nebraska,Cayden Echternach,Tight End,Freshman,"Bennington, Neb.",Bellevue West
Nebraska,Mason Jones,Defensive Back,Freshman,"Omaha, Neb.",Burke
Nebraska,Danny Pasko,Linebacker,Freshman,"Chicago, Ill.",Lyons Township
Nebraska,Noah Bustard,Linebacker,Freshman,"Omaha, Neb.",Elkhorn South
Nebraska,Justin Evans-Jenkins,Offensive Lineman,Redshirt Freshman,"East Orange, N.J.",Irvington
Nebraska,Dylan Rogers,Linebacker,Freshman,"Cypress, Texas",Cypress Woods
Nebraska,Jacob Bower,Linebacker,Freshman,"Rancho Santa Margarita, Calif.",Santa Margarita Catholic
Nebraska,Conor Connealy,Offensive Lineman,Freshman,"Elkhorn, Neb.",Mount Michael Benedictine
Nebraska,Bryce Benhart,Offensive Lineman,Junior,"Lakeville, Minn.",Lakeville North
Nebraska,Korver Demma,Linebacker,Freshman,"Gretna, Neb.",Gretna
Nebraska,Vincent Carroll-Jackson,Defensive Lineman,Freshman,"Harrisburg, Pa.",Central Dauphin East
Nebraska,Grant Tagge,Linebacker,Junior,"Omaha, Neb.",Westside
Nebraska,Ethan Piper,Offensive Lineman,Junior,"Norfolk, Neb.",Norfolk Catholic
Nebraska,Mason Goldman,Offensive Lineman,Freshman,"Gretna, Neb.",Gretna
Nebraska,Henry Lutovsky,Offensive Lineman,Sophomore,"Crawfordsville, Iowa",Mount Pleasant
Nebraska,Dylan Parrott,Offensive Lineman,Redshirt Freshman,"Eldridge, Iowa",North Scott
Nebraska,Sam Sledge,Offensive Lineman,Freshman,"Omaha, Neb.",Creighton Prep
Nebraska,Nouredin Nouili,Offensive Lineman,Senior,"Frankfurt, Germany",Norris HS / Colorado State
Nebraska,Teddy Prochazka,Offensive Lineman,Sophomore,"Elkhorn, Neb.",Elkhorn South
Nebraska,Ben Scott,Offensive Lineman,Junior,"Honolulu, Hawaii",St. Louis HS / Arizona State
Nebraska,Joey Mancino,Offensive Lineman,Sophomore,"Holmdel, N.J.",Holmdel
Nebraska,Turner Corcoran,Offensive Lineman,Junior,"Lawrence, Kan.",Free State
Nebraska,Keegan Menning,Offensive Lineman,Sophomore,"Fremont, Neb.",Fremont
Nebraska,Jacob Hood,Offensive Lineman,Redshirt Freshman,"Nashville, Tenn.",Hillsboro HS / Georgia
Nebraska,David Borchers,Offensive Lineman,Freshman,"Eldridge, Iowa",North Scott
Nebraska,Brock Knutson,Offensive Lineman,Freshman,"Scottsbluff, Neb.",Scottsbluff
Nebraska,Maverick Noonan,Linebacker,Freshman,"Omaha, Neb.",Elkhorn South
Nebraska,Tyler Knaak,Offensive Lineman,Redshirt Freshman,"Cottonwood Heights, Utah",Brighton HS / Utah
Nebraska,Gunnar Gottula,Offensive Lineman,Freshman,"Lincoln, Neb.",Southeast
Nebraska,Jacob Brandl,Offensive Lineman,Freshman,"Omaha, Neb.",Creighton Prep
Nebraska,Grant Seagren,Offensive Lineman,Freshman,"Oakland, Neb.",Oakland-Craig
Nebraska,Jacob Herbek,Defensive Lineman,Junior,"Grand Island, Neb.",Central Catholic
Nebraska,Brice Turner,Wide Receiver,Freshman,"Bay City, Texas",Bay City
Nebraska,Ismael Smith Flores,Tight End,Freshman,"Crowley, Texas",Arlington Martin
Nebraska,Isaiah Garcia-Castaneda,Wide Receiver,Junior,"Twentynine Palms, Calif.",Twentynine Palms HS / Saddleback College / New Mexico State
Nebraska,Jake Appleget,Tight End,Redshirt Freshman,"Lincoln, Neb.",Southeast
Nebraska,Alex Bullock,Wide Receiver,Sophomore,"Omaha, Neb.",Creighton Prep
Nebraska,Jaidyn Doss,Wide Receiver,Freshman,"Raymore, Mo.",Raymore-Peculiar
Nebraska,AJ Rollins,Defensive Lineman,Sophomore,"Omaha, Neb.",Creighton Prep
Nebraska,Jeremiah Charles,Wide Receiver,Freshman,"Arlington, Texas",Arlington Martin
Nebraska,Nate Boerkircher,Tight End,Sophomore,"Aurora, Neb.",Aurora
Nebraska,Brodie Tagaloa,Defensive Lineman,Redshirt Freshman,"Pittsburg, Calif.",De La Salle
Nebraska,Cooper Hausmann,Wide Receiver,Redshirt Freshman,"Roca, Neb.",Norris
Nebraska,Ru'Quan Buckley,Defensive Lineman,Sophomore,"Wyoming, Mich.",Godwin Heights
Nebraska,Arik Gilbert,Tight End,Sophomore,"Marietta, Ga.",Marietta HS / LSU / Georgia
Nebraska,Jacob Hohl,Punter,Junior,"Lincoln, Neb.",Southwest HS / Nebraska Wesleyan
Nebraska,James Williams,Defensive Lineman,Sophomore,"Parkville, Mo.",Park Hill South HS / Iowa Central CC
Nebraska,Sua Lefotu,Defensive Lineman,Freshman,"Bellflower, Calif.",St. John Bosco
Nebraska,Kai Wallin,Defensive Lineman,Sophomore,"Sacramento, Calif.",Jesuit HS / American River CC
Nebraska,Riley Van Poppel,Defensive Lineman,Freshman,"Argyle, Texas",Argyle
Nebraska,Spencer Pankratz,Place Kicker,Sophomore,"Highlands Ranch, Colo.",Valor Christian HS / Furman
Nebraska,Jason Maciejczak,Defensive Lineman,Freshman,"Pierre, S.D.",T.F. Riggs
Nebraska,Camden Witucki,Long Snapper,Sophomore,"Grand Blanc, Mich.",Grand Blanc Community
Nebraska,Leslie Black,Defensive Lineman,Freshman,"Statesboro, Ga.",Statesboro
Nebraska,Blaise Gunnerson,Defensive Lineman,Sophomore,"Carroll, Iowa",Kuemper Catholic
Nebraska,Will DePooter,Long Snapper,Freshman,"Omaha, Neb.",Westside
Clemson,Barrett Carter,LB,Jr.,"Suwanee, Ga.",
Clemson,Antonio Williams,WR,So.,"Irmo, S.C.",
Clemson,Will Shipley,RB,Jr.,"Weddington, N.C.",
Clemson,Andrew Mukuba,S,Jr.,"Austin, Texas",
Clemson,Cade Klubnik,QB,So.,"Austin, Texas",
Clemson,Nate Wiggins,CB,Jr.,"Atlanta, Ga.",
Clemson,Noble Johnson,WR,Fr.,"Rockwall, Texas",
Clemson,Xavier Thomas,DE,Redshirt Sr. (Graduate),"Florence, S.C.",
Clemson,Sherrod Covil Jr.,S,So.,"Chesapeake, Va.",
Clemson,Josh Sapp,TE,Redshirt Fr.,"Greenville, S.C.",
Clemson,Tyler Brown,WR,Fr.,"Greenville, S.C.",
Clemson,Sheridan Jones,CB,Sr. (Graduate),"Norfolk, Va.",
Clemson,Phil Mafah,RB,Jr.,"Loganville, Ga.",
Clemson,Justin Mascoll,DE,Redshirt Sr. (Graduate),"Snellville, Ga.",
Clemson,Adam Randall,WR,So.,"Myrtle Beach, S.C.",
Clemson,Tré Williams,DT,Redshirt Jr.,"Windsor, Conn.",
Clemson,R.J. Mickens,S,Sr.,"Southlake, Texas",
Clemson,Jake Briningstool,TE,Jr.,"Brentwood, Tenn.",
Clemson,Troy Stellato,WR,Redshirt So.,"Fort Lauderdale, Fla.",
Clemson,Jeadyn Lukus,CB,So.,"Mauldin, S.C.",
Clemson,Sage Ennis,TE,Redshirt Jr. (Graduate),"Graceville, Fla.",
Clemson,Peter Woods,DT,Fr.,"Alabaster, Ala.",
Clemson,Paul Tyson,QB,Redshirt Sr. (Graduate),"Trussville, Ala.",
Clemson,T.J. Parker,DE,Fr.,"Phenix City, Ala.",
Clemson,Brannon Spector,WR,Redshirt Sr. (Graduate),"Calhoun, Ga.",
Clemson,Tyler Davis,DT,Sr. (Graduate),"Apopka, Fla.",
Clemson,Trent Pearman,QB,Redshirt Fr.,"Clemson, S.C.",
Clemson,Shelton Lewis,CB,Fr.,"Stockbridge, Ga.",
Clemson,Ronan Hanafin,WR,Fr.,"Burlington, Mass.",
Clemson,Jahiem Lawson,DE,Redshirt Fr.,"Central, S.C.",
Clemson,Myles Oliver,CB,Redshirt Fr.,"Villa Rica, Ga.",
Clemson,Colby Shaw,QB,Fr.,"Duncan, S.C.",
Clemson,Christopher Vizzina,QB,Fr.,"Birmingham, Ala.",
Clemson,Wade Woodaz,LB,So.,"Tampa, Fla.",
Clemson,Hunter Helms,QB,Redshirt Jr. (Graduate),"West Columbia, S.C.",
Clemson,Kylon Griffin,S,Redshirt Fr.,"Montgomery, Ala.",
Clemson,DeMonte Capehart,DT,Redshirt Jr.,"Hartsville, S.C.",
Clemson,Keith Adams Jr.,RB,Redshirt Fr.,"St. George, Utah",
Clemson,Avieon Terrell,CB,Fr.,"Atlanta, Ga.",
Clemson,Domonique Thomas,RB,Redshirt Jr.,"Ohatchee, Ala.",
Clemson,Jarvis Green,RB,Fr.,"Irmo, S.C.",
Clemson,Kobe McCloud,LB,Redshirt Fr.,"Tampa, Fla.",
Clemson,Dee Crayton,LB,Fr.,"Alpharetta, Ga.",
Clemson,Cole Turner,WR,Redshirt Fr.,"Vestavia Hills, Ala.",
Clemson,Toriano Pride Jr.,CB,So.,"St. Louis, Mo.",
Clemson,Peyton Streko,RB,Fr.,"Cumming, Ga.",
Clemson,Tyler Venables,S,Sr.,"Clemson, S.C.",
Clemson,Hamp Greene,WR,Redshirt Sr. (Graduate),"Birmingham, Ala.",
Clemson,Blackmon Huckabee Jr.,WR,Redshirt Jr.,"Clover, S.C.",
Clemson,Jalyn Phillips,S,Sr. (Graduate),"Lawrenceville, Ga.",
Clemson,Jay Haynes,RB,Fr.,"Roanoke, Ala.",
Clemson,Misun Kelley,WR/DB,Fr.,"Central, S.C.",
Clemson,Branden Strozier,CB,Fr.,"Lovejoy, Ga.",
Clemson,Davian Sullivan,WR,Redshirt Sr.,"Woodruff, S.C.",
Clemson,Kylen Webb,S,Fr.,"Tampa, Fla.",
Clemson,Rob Billings,S,Fr.,"Marietta, Ga.",
Clemson,Tristen Rigby,RB,Redshirt So.,"St. Gabriel, La.",
Clemson,Wise Segars Jr.,RB,Redshirt So.,"Sumter, S.C.",
Clemson,Jamal Anderson,LB,Fr.,"Buford, Ga.",
Clemson,Ruke Orhorhoro,DT,Redshirt Sr. (Graduate),"Lagos, Nigeria",
Clemson,Griffin Batt,LB,Redshirt Fr.,"Clemson, S.C.",
Clemson,Kevin McNeal,RB,Redshirt So.,"Tuscaloosa, Ala.",
Clemson,Armon Mason,DE,Redshirt So.,"Richmond Hill, Ga.",
Clemson,Joseph Flesch,WR,Redshirt So.,"Loris, S.C.",
Clemson,Austin Randall,CB,Redshirt Sr. (Graduate),"Myrtle Beach, S.C.",
Clemson,Khalil Barnes,S,Fr.,"Athens, Ga.",
Clemson,Quinn Castner,PK,Redshirt Jr.,"Fort Mill, S.C.",
Clemson,Jacob Hendricks,S,Redshirt So.,"Six Mile, S.C.",
Clemson,Robert Gunn III,PK,Redshirt Fr.,"Seminole, Fla.",
Clemson,Peter Nearn,S,Redshirt So.,"Memphis, Tenn.",
Clemson,Bubba McAtee,S,Redshirt Jr.,"Central, S.C.",
Clemson,Aidan Swanson,P/PK,Redshirt Sr. (Graduate),"Tampa, Fla.",
Clemson,Brodey Conn,P/S,Redshirt Fr.,"Clemson, S.C.",
Clemson,Caleb Nix,S,Redshirt Fr.,"Phenix City, Ala.",
Clemson,David Ojiegbe,DE,Fr.,"Largo, Md.",
Clemson,Riggs Faulkenberry,LB,Redshirt So.,"Greenville, S.C.",
Clemson,Will Blackston,TE,Redshirt Jr.,"Honea Path, S.C.",
Clemson,Cade Denhoff,DE,Redshirt So.,"Plant City, Fla.",
Clemson,Banks Pope,TE,Redshirt So.,"Columbia, S.C.",
Clemson,Vic Burley,DT,Fr.,"Warner Robins, Ga.",
Clemson,Philip Florenzo,LS,Redshirt Jr.,"Towson, Md.",
Clemson,Jaden Kinard,S,Redshirt Fr.,"Pawleys Island, S.C.",
Clemson,Boston Miller,S,Redshirt Fr.,"Central, S.C.",
Clemson,Hogan Morton,PK,Redshirt So.,"Birmingham, Ala.",
Clemson,Walt Smith,S,Redshirt Fr.,"Anderson, S.C.",
Clemson,Fletcher Cothran,LB,Redshirt Fr.,"Anderson, S.C.",
Clemson,Collin Sadler,OL,Redshirt Fr.,"Inman, S.C.",
Clemson,Jaden Murray,LB,Redshirt Sr.,"Highlands Ranch, Colo.",
Clemson,Peyton Pitts,OL,Redshirt Fr.,"Clinton, S.C.",
Clemson,Ryan Linthicum,C,Redshirt So.,"Damascus, Md.",
Clemson,Jeremiah Trotter Jr.,LB,Jr.,"Hainesport, N.J.",
Clemson,Ian Reed,OL,Fr.,"Austin, Texas",
Clemson,Harris Sewell,OL,Fr.,"Odessa, Texas",
Clemson,Payton Page,DT,Jr.,"Greensboro, N.C.",
Clemson,Reed Morrissey,LB,Redshirt So.,"Greenville, S.C.",
Clemson,Will Putnam,OL,Sr. (Graduate),"Tampa, Fla.",
Clemson,Jackson Hall,OL,Redshirt Fr.,"Craytonville, S.C.",
Clemson,Chandler McMaster,LB,Redshirt Fr.,"Greenville, S.C.",
Clemson,Evan McCutchen,DE,Redshirt Jr.,"Hampton, S.C.",
Clemson,Holden Caspersen,LS,Redshirt So.,"Roswell, Ga.",
Clemson,Dietrick Pennington,OL,Redshirt So.,"Memphis, Tenn.",
Clemson,Bryce Smith,OL,Fr.,"Six Mile, S.C.",
Clemson,Walker Parks,OL,Sr.,"Lexington, Ky.",
Clemson,Chapman Pendergrass,OL,Redshirt Fr.,"Anderson, S.C.",
Clemson,Nathan Brooks,OL,Redshirt So.,"Fort Mill, S.C.",
Clemson,Will Boggs,OL,Redshirt Jr. (Graduate),"York, S.C.",
Clemson,Sam Judy,OL,Redshirt So.,"Taylors, S.C.",
Clemson,Mason Johnstone,OL,Redshirt Fr.,"Clemson, S.C.",
Clemson,Tristan Leigh,OL,Redshirt So.,"Fairfax, Va.",
Clemson,Zack Owens,OL,Fr.,"Covington, Ga.",
Clemson,Bryn Tucker,OL,Redshirt Jr.,"Knoxville, Tenn.",
Clemson,Marcus Tate,OL,Jr.,"Sunrise, Fla.",
Clemson,Trent Howard,OL,Redshirt Jr.,"Birmingham, Ala.",
Clemson,John Williams,OL,Redshirt Jr.,"Canton, Ga.",
Clemson,Mitchell Mayes,OL,Sr.,"Raleigh, N.C.",
Clemson,Blake Miller,OL,So.,"Strongsville, Ohio",
Clemson,Jake Norris,OL,Fr.,"Piedmont, S.C.",
Clemson,Beaux Collins,WR,Jr.,"Los Angeles, Calif.",
Clemson,Olsen Patt-Henry,TE,Fr.,"Naples, Fla.",
Clemson,Jackson Crosby,WR,Redshirt So.,"Six Mile, S.C.",
Clemson,Hampton Earle,WR,Redshirt Sr. (Graduate),"Clemson, S.C.",
Clemson,Markus Dixon,TE,Fr.,"Philadelphia, Pa.",
Clemson,Charlie Johnson,WR,Fr.,"Columbia, S.C.",
Clemson,Tristan Martinez,WR,Fr.,"Honolulu, Hawaii",
Clemson,Michael Mankaka,WR,Redshirt Fr.,"Laurens, S.C.",
Clemson,Clay Swinney,WR,Redshirt Fr.,"Clemson, S.C.",
Clemson,Zach Jackson,WR,Redshirt So.,"Acworth, Ga.",
Clemson,Jack Smith,P,Redshirt Fr.,"Saraland, Ala.",
Clemson,Stephiylan Green,DT,Fr.,"Rome, Ga.",
Clemson,Zaire Patterson,DE,Redshirt So.,"Winston-Salem, N.C.",
Clemson,Levi Matthews,DE,Redshirt Fr.,"Raleigh, N.C.",
Clemson,Caden Story,DT,Redshirt Fr.,"Lanett, Ala.",
Clemson,Jaheim Scott,DT,Redshirt Jr.,"Greenville, S.C.",
Clemson,Patrick Swygert,DT,Fr.,"Batesburg-Leesville, S.C.",
Clemson,A.J. Hoffler,DE,Fr.,"Stuart, Fla.",
Miami,Te'Cory Couch,Cornerback,Fifth-Year Senior,"Fort Lauderdale, Fla.",Chaminade-Madonna
Miami,Brashard Smith,Wide Receiver,Junior,"Richmond Heights, Fla.",Miami Palmetto
Miami,"Donald Chaney, Jr.",Running Back,Fourth-Year Redshirt Sophomore,"Homestead, Fla.",Belen Jesuit
Miami,"Daryl Porter, Jr.",Defensive Back,Fourth-Year Junior,"Fort Lauderdale, Fla.",American Heritage
Miami,Jacolby George,Wide Receiver,Junior,"Lauderhill, Fla.",Plantation
Miami,Akheem Mesidor,Defensive Line,Fourth-Year Junior,"Ottawa, Ontario",Clearwater Academy
Miami,Keontra Smith,Linebacker,Fifth-Year Senior,"West Park, Fla.",Chaminade-Madonna
Miami,Colbie Young,Wide Receiver,Junior,"Binghamton, N.Y.",Binghamton
Miami,Ray Ray Joseph,Wide Receiver,Freshman,"Miami, Fla.",Miami Edison
Miami,Kamren Kinchens,Safety,Junior,"Miami, Fla.",Miami Northwestern
Miami,Damari Brown,Defensive Back,Freshman,"Plantation, Fla.",American Heritage
Miami,TreVonte' Citizen,Running Back,Redshirt Freshman,"Lake Charles, La.",Lake Charles Prep
Miami,Davonte Brown,Defensive Back,Fourth-Year Junior,"Plantation, Fla.",American Heritage
Miami,Xavier Restrepo,Wide Receiver,Fourth-Year Junior,"Coconut Creek, Fla.",Deerfield Beach
Miami,Josh Horton,Defensive Line,Freshman,"Fairburn, Ga.",Langston Hughes
Miami,"Frank Ladson, Jr.",Wide Receiver,Fifth-Year Senior,"Miami, Fla.",South Dade
Miami,Nyjalik Kelly,Defensive Line,Sophomore,"Fort Lauderdale, Fla.",Dillard
Miami,Tyler Van Dyke,Quarterback,Fourth-Year Junior,"Glastonbury, Conn.",Suffield Academy
Miami,Jacurri Brown,Quarterback,Sophomore,"Valdosta, Ga.",Lowndes
Miami,"Corey Flagg, Jr.",Linebacker,Fourth-Year Junior,"Houston, Texas",North Shore
Miami,Jahfari Harvey,Defensive Line,Fifth-Year Redshirt Junior,"Port St. Lucie, Fla.",Vero Beach
Miami,Robby Washington,Wide Receiver,Freshman,"Miami, Fla.",Miami Palmetto
Miami,Michael Redding III,Wide Receiver,Fourth-Year Redshirt Sophomore,"Pensacola, Fla.",IMG Academy
Miami,Chantz Williams,Defensive Line,Fourth-Year Junior,"Jacksonville, Fla.",Oakleaf
Miami,Tyler Harrell,Wide Receiver,Sixth-Year Redshirt Senior,"Miami, Fla.",Christopher Columbus
Miami,Markeith Williams,Defensive Back,Redshirt Freshman,"Orlando, Fla.",Evans
Miami,Isaiah Horton,Wide Receiver,Redshirt Freshman,"Murfreesboro, Tenn.",Oakland
Miami,Robert Stafford,Defensive Back,Freshman,"Melbourne, Fla.",Eau Gallie
Miami,"Bobby Washington, Jr.",Linebacker,Freshman,"Miami, Fla.",Miami Palmetto
Miami,Emory Williams,Quarterback,Freshman,"Milton, Fla.",Milton
Miami,"Aristides Angelo, Jr.",Quarterback,Freshman,"Miami, Fla.",Immaculata-LaSalle
Miami,Riply Luna,Quarterback,Freshman,"Kellogg, Idaho",Kellogg
Miami,Jayden Wayne,Defensive Line,Freshman,"Tacoma, Wash.",IMG Academy (Fla.)
Miami,Joe Borchers,Quarterback,Freshman,"Sarasota, Fla.",Riverview
Miami,Jayden George,Quarterback,Fifth-Year Senior,"Indianapolis, Ind.",Warren Central
Miami,Jaden Harris,Defensive Back,Redshirt Freshman,"Atlanta, Ga.",Riverwood
Miami,Terrell Walden II,Running Back,Redshirt Freshman,"Winter Garden, Fla.",West Orange
Miami,James Williams,Safety,Junior,"Fort Lauderdale, Fla.",Plantation American Heritage
Miami,"Henry Parrish, Jr.",Running Back,Fourth-Year Junior,"Goulds, Fla.",Christopher Columbus
Miami,Kaleb Spencer,Defensive Back,Freshman,"Gloucester, Va.",Life Christian Academy
Miami,Jaden Davis,Defensive Back,Redshirt Senior,"Fort Lauderdale, Fla.",St. Thomas Aquinas
Miami,"Mark Fletcher, Jr.",Running Back,Freshman,"Fort Lauderdale, Fla.",American Heritage
Miami,K.J. Cloyd,Linebacker,Fourth-Year Junior,"Columbia, Miss.",Columbia
Miami,Jaleel Skinner,Tight End,Sophomore,"Greer, S.C.",IMG Academy (Fla.)
Miami,Malik Bryant,Linebacker,Freshman,"Orlando, Fla.",Jones
Miami,"Chris Johnson, Jr.",Running Back,Freshman,"Fort Lauderdale, Fla.",Dillard
Miami,Jadais Richard,Defensive Back,Sophomore,"West Monroe, La.",West Monroe
Miami,Jefferson Walls,Wide Receiver,Fifth-Year Redshirt Junior,"Orlando, Fla.",Lake Highland
Miami,Brian Balom,Safety,Fourth-Year Redshirt Sophomore,"Miramar, Fla.",Miramar
Miami,Ajay Allen,Running Back,Redshirt Freshman,"Monroe, La.",Neville
Miami,Souleymane Bangoura,Defensive Back,Fourth-Year Junior,"Tucson, Ariz.",Catalina Foothills
Miami,Demetrius Freeney,Defensive Back,Sophomore,"San Leandro, Calif.",San Leandro
Miami,Andres Borregales,Kicker,Junior,"Miami, Fla.",Champagnat Catholic
Miami,Mike Peraino,Running Back,Redshirt Freshman,"Staten Island, N.Y.",Moore Catholic
Miami,Wesley Bissainthe,Linebacker,Sophomore,"Miami, Fla.",Miami Central
Miami,"Raul Aguirre, Jr.",Linebacker,Freshman,"Fayetteville, Ga.",Whitewater
Miami,Marcellius Pulliam,Linebacker,Freshman,"Tyrone, Ga.",Sandy Creek
Miami,Ryan Ragone,Linebacker,Fifth-Year Redshirt Junior,"Houston, Texas",Pasadena Memorial
Miami,Kolby Luna,Wide Receiver,Freshman,"Kellogg, Idaho",Kellogg
Miami,Michael Suarez,Linebacker,Fourth-Year Redshirt Sophomore,"Miami, Fla.",Miami Killian
Miami,Nick Kelly,Defensive Back,Redshirt Freshman,"Santa Rosa, Calif.",Cardinal Newman
Miami,William Hawkins IV,Wide Receiver,Freshman,"Wake Forest, N.C.",Palmetto Prep [S.C.]
Miami,Myles Mooyoung,Defensive Back,Redshirt Freshman,"Chicago, Ill.",Wylie E. Groves (Mich.)
Miami,Patrick Stepelton,Wide Receiver,Freshman,"Fort Lauderdale, Fla.",Cardinal Gibbons
Miami,Cyrus Moss,Defensive Line,Redshirt Freshman,"Las Vegas, Nev.",Bishop Gorman
Miami,"Luis Gutierrez, Jr.",Cornerback,Fourth-Year Redshirt Sophomore,"Key Biscayne, Fla.",IMG Academy
Miami,Chase Smith,Linebacker,Redshirt Sophomore,"Palm Bay, Fla.",Bayside
Miami,Chris Pastora,Wide Receiver,Fifth-Year Senior,"Miami, Fla.",
Miami,Rocky Shelton II,Linebacker,Sixth-Year Redshirt Senior,"Fort Lauderdale, Fla.",St. Thomas Aquinas
Miami,"Rueben Bain, Jr.",Defensive Line,Freshman,"Miami, Fla.",Miami Central
Miami,Kyan GIbbs,Running Back,Freshman,"Chicago, Ill.",Loyola Academy
Miami,Owen Ruskavich,Tight End,Freshman,"Great Falls, Va.",St. John's College High School (Washington D.C.)
Miami,Mason Napper,Long Snapper,Fourth-Year Redshirt Sophomore,"Marietta, Ga.",Lassiter
Miami,Francisco Mauigoa,Linebacker,Junior,"Ili'ili, American Samoa",Tafuna
Miami,"Luis Cristobal, Jr.",Offensive Line,Fifth-Year Redshirt Junior,"Miami, Fla.",Christopher Columbus
Miami,Lucas Peterson,Linebacker,Redshirt Sophomore,"Hartland, Wisc.",Arrowhead
Miami,Lucas Vargas-Diaz,Offensive Line,Freshman,"Bogota, Colombia",Fort Bend Christian Academy (Texas)
Miami,Michael Donovan,Long Snapper,Sophomore,"Beverly Hills, Mich.",Seaholm
Miami,Matt Lee,Center,Redshirt Senior,"Oviedo, Fla.",Hagerty
Miami,Jacob Lichtenstein,Defensive Line,Sixth-Year Redshirt Senior,"Weston, Fla.",Cypress Bay
Miami,Jonathan Denis,Offensive Line,Fourth-Year Redshirt Sophomore,"Homestead, Fla.",South Dade
Miami,Leonard Taylor III,Defensive Line,Sophomore,"Miami, Fla.",Miami Palmetto
Miami,Matt Antezana,Offensive Line,Redshirt Freshman,"Miami, Fla.",Gulliver Prep
Miami,Justin Wood,Longsnapper,Freshman,"Miami, Fla.",Miami Palmetto
Miami,Branson Deen,Defensive Line,Sixth-Year Redshirt Senior,"Indianapolis, Ind.",Lawrence Central
Miami,Thomas Gore,Defensive Line,Fifth-Year Redshirt Junior,"Nashville, Tenn.",Brentwood Academy
Miami,Zion Nelson,Offensive Line,Fourth-Year Junior,"Sumter, S.C.",Sumter
Miami,Francis Mauigoa,Offensive Line,Freshman,"Ili'ili, American Samoa",IMG Academy (Fla.)
Miami,Tommy Kinsler IV,Offensive Line,Freshman,"Ocala, Fla.",Trinity Catholic
Miami,Samson Okunlola,Offensive Line,Freshman,"Brockton, Mass.",Thayer Academy
Miami,Jalen Rivers,Offensive Line,Fourth-Year Redshirt Sophomore,"Jacksonville, Fla.",Oakleaf
Miami,Ian Johnson,Offensive Line,Redshirt Freshman,"Miami, Fla.",Belen Jesuit
Miami,Trent Scheuerman,Defensive Line,Redshirt Freshman,"Marietta, Ga.",Wheeler
Miami,Javion Cohen,Offensive Line,Fourth-Year Junior,"Phenix City, Ala.",Central
Miami,"Antonio Tripp, Jr.",Offensive Line,Freshman,"Baltimore, Md.",IMG Academy (Fla.)
Miami,Chris Washington,Offensive Line,Third-Year Redshirt Freshman,"Nashville, Tenn.",John Overton
Miami,Anez Cooper,Offensive Line,Sophomore,"Pleasant Grove, Ala.",Pleasant Grove
Miami,Frankie Tinilau,Offensive Line,Freshman,"Brisbane, Australia",Immaculata-LaSalle [Fla.]
Miami,Ryan Rodriguez,Offensive Line,Redshirt Freshman,"Miami, Fla.",Christopher Columbus
Miami,Logan Sagapolu,Offensive Line,Fourth-Year Redshirt Sophomore,"Lehi, Utah",Skyridge
Miami,Matthew McCoy,Offensive Line,Redshirt Freshman,"Saint Augustine, Fla.",Creekside
Miami,Elijah Arroyo,Tight End,Sophomore,"Frisco, Texas",Independence
Miami,Jared Harrison-Hunte,Defensive Line,Fifth-Year Redshirt Junior,"Middle Village, N.Y.",Christ The King
Miami,Jason Campbell,Wide Receiver,Redshirt Freshman,"Tarrytown, N.Y.",Hackley
Miami,Shemar Kirk,Wide Receiver,Junior,"Nashville, Tenn.",McGavock
Miami,Cam McCormick,Tight End,Redshirt Senior,"Bend, Ore.",Summit
Miami,Josh Neely,Tight End,Fourth-Year Redshirt Sophomore,"Miami, Fla.",Miami Senior
Miami,Jackson Carver,Tight End,Freshman,"Woodbury, Minn.",Culver Academy
Miami,Fred Potter,Punter,Third-Year Redshirt Freshman,"London, United Kingdom",Gulliver Prep
Miami,Riley Williams,Tight End,Freshman,"Portland, Ore.",IMG Academy (Fla.)
Miami,Samuel Coufal,Defensive Line,Freshman,"Wales, Wisc.",Kettle Moraine
Miami,Anthony Campbell,Defensive Line,Fifth-Year Senior,"Bartow, Fla.",Bartow
Miami,Dylan Joyce,Punter,Freshman,"Kyabram, Australia",
Miami,Cooper Ricks,Defensive Line,Freshman,"Davidson, N.C.",Community School of Davidson
Miami,Collins Acheampong,Defensive Line,Freshman,"Cape Coast, Ghana",Santa Margarita Catholic (Calif.)
Miami,Will Hutchinson,Punter,Fourth-Year Redshirt Sophomore,"Barrington, Ill.",Barrington
Miami,Ahmad Moten,Defensive Line,Redshirt Freshman,"Fort Lauderdale, Fla.",Cardinal Gibbons
Virginia,Cody Brown,RB,Junior,"Lilburn, Ga.",Parkview
Virginia,Antonio Clary,S,Fifth Year,"Jacksonville, Fla.",Sandalwood
Virginia,Paul Akere,DE,Graduate Student,"Carrollton, Texas",Hebron (TX)
Virginia,Suderian Harrison,WR,Freshman,"McCormick, S.C.",Woodland
Virginia,Stevie Bracey,LB,Sophomore,"Atlanta, Ga.",Lovett School
Virginia,Perris Jones,RB,Sixth Year,"Alexandria, Va.",Episcopal
Virginia,Delaney Crawford,WR,Sophomore,"Corona, Calif.",Corona Senior
Virginia,Langston Long,LB,Junior,"Woodbridge, Va.",Christ School (N.C.)
Virginia,Dave Herard,CB,Senior,"Fort Lauderdale, Fla.",Stranahan
Virginia,Malik Washington,WR,Graduate Student,"Lawrenceville, Ga.",Parkview
Virginia,Kobe Pace,RB,Senior,"Cedartown, Ga.",Cedartown
Virginia,Kam Robinson,LB,Freshman,"Tappahannock, Va.",Essex
Virginia,Demick Starling,WR,Senior,"Nashville, Tenn.",East Nashville Magnet
Virginia,Dre Walker,CB,Freshman,"Denver, N.C.",East Lincoln
Virginia,Mike Hollins,RB,Graduate Student,"Baton Rouge, La.",University Lab
Virginia,James Jackson,LB,Junior,"Roanoke, Va.",North Cross
Virginia,Malachi  Fields,WR,Junior,"Keswick, Va.",Monticello
Virginia,Malcolm Greene,CB,Graduate Student,"Richmond, Va.",Highland Springs
Virginia,Amaad Foston,RB,Junior,"Milledgeville, Ga.",John Milledge Academy
Virginia,Coen King,S,Sixth Year,"Culpeper, Va.",Eastern View
Virginia,Anthony Colandrea,QB,Freshman,"St. Petersburg, Fla.",Lakewood
Virginia,Ben Smiley III,DE,Fifth Year,"Chesapeake, Va.",Indian River
Virginia,Tony Muskett,QB,Senior,"Springfield, Va.",West Springfield
Virginia,William  Simpkins III,CB,Junior,"Gaithersburg, Md.",Quince Orchard
Virginia,Jared Rayman,QB,Fifth Year,"Atlanta, Ga.",Pace Academy
Virginia,Sam Westfall,CB,Graduate Student,"Saint George, Utah",Dixie
Virginia,Miles Greene,DE,Freshman,"Richmond, Va.",Highland Springs
Virginia,Chico Bennett Jr.,DE,Graduate Student,"Ashburn, Va.",Battle Ground Academy (Tenn.)
Virginia,Trey McDonald,LB,Sophomore,"Chattanooga, Tenn.",Baylor School
Virginia,Aidan Ryan,S,Junior,"Fredericksburg, Va.",James Monroe
Virginia,JR Wilson,WR,Sophomore,"Brooklyn, N.Y.",Canarsie
Virginia,Michael Diatta,DT,Junior,"Antioch, Tenn.",Cane Ridge
Virginia,Jaden Gibson,WR,Freshman,"Rabun County, Ga.",Rabun County
Virginia,Olasunkonmi Agunloye,DT,Senior,"Lindenhurst, N.Y.",Lindenhurst
Virginia,Grady Brosterhous,QB,Sophomore,"Weddington, N.C.",Weddington
Virginia,Xavier Brown,RB,Sophomore,"Lexington, Ky.",Lexington Christian
Virginia,Jonas Sanker,S,Junior,"Charlottesville, Va.",The Covenant School
Virginia,Donovan Johnson Sr.,S,Senior,"New Orleans, La.",Helen Cox
Virginia,Landon Spell,WR,Sophomore,"Virginia Beach, Va.",Ocean Lakes
Virginia,Elijah Gaines,CB,Senior,"Queens, N.Y.",Episcopal (Va.)
Virginia,Devin Sherwood,QB,Sophomore,"Austintown, Ohio",Austintown Fitch
Virginia,Tayvonn Kyle,CB,Sixth Year,"Valdosta, Ga.",Lowndes
Virginia,Donté Hawthorne,RB,Freshman,"Spotsylvania, Va.",Colonial Forge
Virginia,Terrell Jones,DT,Sophomore,"Hoover, Ala.",Hoover
Virginia,Ethan Davies,WR,Junior,"Fairfax, Va.",West Springfield
Virginia,Caleb Hardy,S,Freshman,"McDonough, Ga.",Eagles Landing
Virginia,Trent Baker-Booker,CB,Freshman,"Indianapolis, Ind.",Lawrence Central
Virginia,KJ Bratton,WR,Sophomore,"Roanoke, Va.",Lord Botetourt
Virginia,Sam Brady,LB,Junior,"Lincolnton, N.C.",North Lincoln
Virginia,Noah Vaughn,RB,Freshman,"Maryville, Tenn.",Maryville
Virginia,Davis Lane Jr.,S,Sophomore,"Lynchburg, Va.",Liberty Christian Academy
Virginia,Addie Burrow,S,Senior,"Spotsylvania, Va.",Courtland
Virginia,Micah Gaffney,CB,Junior,"Spanish Fort, Ala.",Spanish Fort
Virginia,Luke Byrne,LS,Junior,"McLean, Va.",Bishop O'Connell
Virginia,Landon Danley,S,Freshman,"Irmo, S.C.",Dutch Fork
Virginia,Josh Ahern,LB,Fifth Year,"Burke, Va.",Lake Braddock
Virginia,Kevin Chadwick Jr.,RB,Freshman,"Vienna, Va.",Madison
Virginia,Jack Griese,RB,Sophomore,"Chantilly, Va.",Chantilly
Virginia,Carlo Thompson,S,Sophomore,"Richmond, Va.",Varina
Virginia,John Hurley,S,Sophomore,"Vienna, Va.",James Madison
Virginia,Mekhi Buchanan,DE,Freshman,"Acworth, Ga.",Allatoona
Virginia,Daniel Sparks,P,Senior,"Gadsden, Ala.",Gadsden City
Virginia,Robbie Engelberg,S,Sophomore,"Alexandria, Va.",Maret School
Virginia,Rob Keys,LB,Freshman,"Chantilly, Va.",Westfield
Virginia,Will Bettridge,K,Sophomore,"Miami, Fla.",Gulliver Prep
Virginia,Kendall Cross,LB,Junior,"Chesterfield, Va.",Clover Hill
Virginia,Logan  Kotter,LB,Sophomore,"Ashburn, Va.",Briar Woods
Virginia,Brayden Sheffer,DE,Junior,"West Point, Va.",West Point
Virginia,Sackett Wood Jr.,TE,Senior,"Lynchburg, Va.",E.C. Glass
Virginia,Aidan Livingston,LS,Graduate Student,"Huntington Beach, Calif.",Mater Dei
Virginia,Devin Clark,S,Freshman,"Marietta, Ga.",Marietta
Virginia,Vadin Bruot,K,Sophomore,"Haymarket, Va.",Battlefield
Virginia,Gabe Sneed,DE,Freshman,"Big Stone Gap, Va.",Union
Virginia,Josh McCarron,LB,Junior,"Mukilteo, Wash.",Archbishop Murphy
Virginia,Jimmy Christ,OT,Graduate Student,"Sterling, Va.",Dominion
Virginia,Ty Furnish,C,Junior,"Woodstock, Ga.",Blessed Trinity Catholic
Virginia,McKale Boley,OT,Sophomore,"Hattiesburg, Miss.",Oak Grove
Virginia,Nate Morris,DE,Senior,"Glen Allen, Va.",Glen Allen
Virginia,Dawson Alters,C,Sophomore,"Miami, Fla.",St. Thomas Aquinas
Virginia,Justin Stewart,LB,Freshman,"Alexandria, Va.",St. Stephen's & St. Agnes
Virginia,Joseph Holland III,DE,Junior,"Culpeper, Va.",Culpeper County
Virginia,Blake Steen,OT,Sophomore,"Miami, Fla.",St. Thomas Aquinas
Virginia,Anthony Britton,DT,Freshman,"Norfolk, Va.",Lake Taylor
Virginia,Brian Stevens,C,Graduate Student,"Milford, Ohio",Milford
Virginia,Caleb Stoltz,DE,Senior,"Palmyra, Va.",Fluvanna County
Virginia,Andy Lutes,OT,Freshman,"Salem, Va.",Salem
Virginia,Noah Hartsoe,OG,Sophomore,"Henrico, Va.",John Tucker
Virginia,Jack Hardy,DT,Senior,"Fredericksburg, Va.",James Monroe
Virginia,Charlie Patterson,OT,Junior,"Roswell, Ga.",Fellowship Christian
Virginia,Dane Steele,OG,Freshman,"Charlotte, N.C.",Covenant Day School
Virginia,Joey Kagel,OG,Junior,"Virginia Beach, Va.",Catholic
Virginia,Cole Surber,OG,Freshman,"Bristow, Va.",Patriot
Virginia,Jack Witmer,OT,Junior,"Cypress, Texas",Cy-Fair
Virginia,Luke Johnson,OG,Senior,"Annandale, Va.",The Peddie School (N.J.)
Virginia,Grant Lanham,OG,Junior,"Cincinnati, Ohio",Indian Hill
Virginia,Ugonna Nnanna,OG,Senior,"Arlington, Texas",Seguin
Virginia,Snoop Leota-Amaama,OG,Sophomore,"Lehi, Utah",Skyridge
Virginia,Noah DeMeritt,OG,Sophomore,"Kingsland, Ga.",Camden County
Virginia,Houston Curry,OT,Sophomore,"Fountain Inn, S.C.",Hillcrest
Virginia,Noah Josey,OG,Junior,"Brentwood, Tenn.",Brentwood Academy
Virginia,Jestus Johnson III,OG,Junior,"Laurel, Md.",Gonzaga College
Virginia,Jessie Knight,OL,Senior,"Bridgewater, Va.",Turner Ashby
Virginia,TyLyric Coleman,WR,Freshman,"Danville, Va.",Dan River
Virginia,TeKai Kirby,TE,Freshman,"Fort Lauderdale, Fla.",St. Thomas Aquinas
Virginia,Kam Butler,DE,Sixth Year,"Florence, Ky.",Covington Catholic
Virginia,Eli Wood,WR,Sophomore,"Lynchburg, Va.",E.C. Glass
Virginia,Dakota Twitty,WR,Sophomore,"Columbus, N.C.",Thomas Jefferson Classical
Virginia,Dillon Tennyson,WR,Junior,"Chesterfield, Va.",Benedictine College Prep
Virginia,Grant Misch,TE,Sixth Year,"Sterling, Va.",Potomac Falls
Virginia,Claiborne Richards,WR,Freshman,"Nashville, Tenn",Montgomery Bell Academy
Virginia,Titus Ivy,WR,Freshman,"Concord, N.C.",Cox Mill
Virginia,Karson Gay,TE,Sophomore,"Chattanooga, Tenn.",Boyd-Buchanan School
Virginia,Lorenz Terry,DE,Junior,"Sandston, Va.",Varina/Fork Union Military Academy
Virginia,Sam Bond,DT,Senior,"Fredon, N.J.",Blair Academy
Virginia,Joshua Rawlings,TE,Senior,"Pittsburgh, Pa.",Woodland Hills
Virginia,Jahmeer Carter,DT,Senior,"Baltimore, Md.",Archbishop Spalding
Virginia,Jason Hammond,DT,Freshman,"Pembroke Pines, Fla.",St. Thomas Aquinas
Virginia,Andrew Williams,DT,Junior,"Fredericksburg, Va.",James Monroe
Virginia,Henry Duke,TE,Junior,"Henrico, Va.",Mills E. Godwin
Virginia,Jonathan Horton,DE,Senior,"Baton Rouge, La.",Scotlandville Magnet
Virginia,Aaron Faumui,DT,Sixth Year,"Honolulu, Hawaii",Kapolei
Virginia,Hayden Rollison,TE,Freshman,"Richmond, Va.",Collegiate School
Virginia,Nana Appouh,DT,Freshman,"Herndon, Va.",Herndon
Virginia,Bryce Carter,DT,Junior,"South Chesterfield, Va.",Life Christian Academy
Virginia,Matt Ganyard,K,Sixth Year,"Coronado, Calif.",Coronado
Virginia,Bryce Purnell,DT,Sophomore,"Edgewater, Md.",Archbishop Spalding
Virginia,DJ Jones,DE,Freshman,"Tampa, Fla.",Hillsborough
Virginia,Elijah Slibeck,P/PK,Freshman,"Indianapolis, Ind.",Warren Central
Virginia Tech,Ali Jennings,WR,Sr.,"Richmond, Va.",Highland Springs
Virginia Tech,Pheldarius Payne,DL,R-Sr.,"Suffolk, Va.",Nansemond River
Virginia Tech,Kyron Drones,QB,R-So.,"Pearland, Texas",Shadow Creek
Virginia Tech,Dante Lovett,CB,Fr.,"Crofton, Md.",DeMatha Catholic
Virginia Tech,Keyshawn Burgos,DL,So.,"Chesterfield, Va.",Matoaca
Virginia Tech,Takye Heath,WR,Fr.,"Richmond, Va.",Highland Springs
Virginia Tech,Da'Wain Lofton,WR,Jr.,"Fort Worth, Texas",North Side
Virginia Tech,Norell Pollard,DL,Sr.,"Apopka, Fla.",Wekiva
Virginia Tech,Mansoor Delane,CB,So.,"Silver Spring, Md.",Archbishop Spalding
Virginia Tech,Chance Fitzgerald,WR,Fr.,"Nashville, Tenn.",Nolensville
Virginia Tech,Nasir Peoples,S,R-Sr.,"Abington, Pa.",Archbishop Wood
Virginia Tech,Xayvion Turner-Bradshaw,WR,R-Fr.,"Bluefield, Va.",Graham
Virginia Tech,Josh Fuga,DL,R-Sr.,"Woodbridge, Va.",Freedom
Virginia Tech,Grant Wells,QB,R-Sr.,"Charleston, W.Va.",George Washington
Virginia Tech,Keonta Jenkins,STAR,Sr.,"Jacksonville, Fla.",Jean Ribault
Virginia Tech,Braylon Johnson,CB,Fr.,"Richmond, Va.",Highland Springs
Virginia Tech,Dae'Quan Wright,TE,So.,"Perry, Ga.",Perry
Virginia Tech,Da'Quan Felton,WR,R-Sr.,"Portsmouth, Va.",Churchland
Virginia Tech,Cameren Fleming,S,Fr.,"North Chesterfield, Va.",Trinity Episcopal School
Virginia Tech,Devin Alves,S,R-Fr.,"Melbourne, Fla.",Melbourne
Virginia Tech,Tucker Holloway,WR,So.,"Andrews, N.C.",T. Wingate Andrews
Virginia Tech,Stephen Gosnell,WR,Sr.,"Pilot Mountain, N.C.",East Surry
Virginia Tech,Marcell Baylor,WR,Fr.,"Radford, Va.",Radford
Virginia Tech,Derrick Canteen,CB,R-Sr.,"Evans, Ga.",Evans
Virginia Tech,Cole Beck,ATH,Sr.,"Blacksburg, Va.",Blacksburg
Virginia Tech,Jonathan Pennix,CB,Fr.,"Concord, Va.",Appomattox County
Virginia Tech,Jaylen Jones,S,Jr.,"Richmond, Va.",Thomas Jefferson
Virginia Tech,Jackson Sigler,QB,Fr.,"Stafford, Va.",Mountain View
Virginia Tech,Luke Bussel,S,R-Sr.,"Chesapeake, Va.",Greenbrier Christian Academy
Virginia Tech,Tralon Mitchell,RB,Fr.,"Middlesex, N.C.",Southern Nash
Virginia Tech,Cole Nelson,DL,Jr.,"Johns Creek, Ga.",Johns Creek
Virginia Tech,Dylan Wittke,QB,Fr.,"Buford, Ga.",Buford
Virginia Tech,Mose Phillips III,S,Fr.,"Nashville, Tenn.",Cane Ridge
Virginia Tech,"William ""Pop"" Watson III",QB,Fr.,"Springfield, Mass.",Springfield Central
Virginia Tech,Ben Locklear,QB,R-So.,"Fredericksburg, Va.",Woodberry Forest School
Virginia Tech,P.J. Prioleau,RB,R-So.,"Radford, Va.",Radford
Virginia Tech,Caleb Woodson,STAR,Fr.,"Haymarket, Va.",Battlefield
Virginia Tech,Jeremiah Coney,RB,Fr.,"Richmond, Va.",Hermitage
Virginia Tech,Keli Lawson,LB,R-So.,"Stephens City, Va.",Sherando
Virginia Tech,Bryce Duke,RB,So.,"Leesburg, Va.",Tuscarora
Virginia Tech,Mario Kendricks,DL,Sr.,"Kissimmee, Fla.",Osceola
Virginia Tech,Thomas Williams,CB,Fr.,"Greenville, S.C.",Powdersville
Virginia Tech,Jaden Keller,LB,R-So.,"Bristol, Tenn.",Tennessee (HS)
Virginia Tech,Malachi Thomas,RB,R-So.,"Hartwell, Ga.",Hart County
Virginia Tech,Ayden Greene,WR,Fr.,"Knoxville, Tenn.",Powell
Virginia Tech,Jalen Stroman,S,Jr.,"Bristow, Va.",Patriot
Virginia Tech,Tyler Childress,S,R-So.,"Huntingtown, Md.",IMG Academy
Virginia Tech,Chance Black,RB,R-So.,"Roebuck, S.C.",Dorman
Virginia Tech,Antonio Cotman Jr.,STAR,Fr.,"Richmond, Va.",Life Christian Academy
Virginia Tech,Nyke Johnson,S,R-So.,"Florence, S.C.",West Florence
Virginia Tech,Krystian Williams,CB,Fr.,"Richmond, Va.",Collegiate School
Virginia Tech,Jason Abbey,DL,Fr.,"Richmond, Va.",Douglas S. Freeman
Virginia Tech,Luke Shields,WR,R-Fr.,"Centreville, Va.",Centreville
Virginia Tech,Gunner Givens,DL,R-Fr.,"Covington, Va.",Lord Botetourt
Virginia Tech,Miles Ellis,CB,R-So.,"Glen Allen, Va.",Deep Run
Virginia Tech,Bhayshul Tuten,RB,Jr.,"Paulsboro, N.J.",Paulsboro
Virginia Tech,Alan Tisdale,LB,R-Sr.,"Greensboro, N.C.",Page
Virginia Tech,Cade Herdman,S,R-Fr.,"Leesburg, Va.",Our Lady of Good Counsel
Virginia Tech,Sam Hughes,STAR,R-So.,"Arlington, Va.",Washington-Liberty
Virginia Tech,Brody Jones,STAR,Fr.,"Bristol, Va.",Virginia High
Virginia Tech,Josh Gholston,CB,R-So.,"Blacksburg, Va.",Blacksburg
Virginia Tech,Jayden McDonald,LB,R-So.,"Salem, Va.",Salem
Virginia Tech,Jorden McDonald,DL,R-So.,"Salem, Va.",Salem
Virginia Tech,Stephon Hicks,S,Fr.,"Chester, Va.",Thomas Dale
Virginia Tech,Cole Pickett,TE,R-So.,"Galax, Va.",Galax
Virginia Tech,George Ballance,LB,Fr.,"Virginia Beach, Va.",Frank W. Cox
Virginia Tech,Khiari Miller,FB,R-Fr.,"Perry, Ga.",Perry
Virginia Tech,Aycen Stevens,LB,Fr.,"Indianapolis, Ind.",Decatur Central
Virginia Tech,Josh Hand,LB,R-Fr.,"Ashburn, Va.",Independence
Virginia Tech,Dorian Strong,CB,R-Jr.,Upper Marlboro. Md.,Dr. Henry A. Wise Jr
Virginia Tech,Ishmael Findlayter,DL,Fr.,"Toronto, Ontario, Canada",Clarkson Secondary School
Virginia Tech,Griffin Armstrong,LS,R-Jr.,"Blacksburg, Va.",Osan American HS (South Korea)
Virginia Tech,Tavorian Copeland,LB,Fr.,"Appomattox, Va.",Appomattox County
Virginia Tech,Matt Johnson,LB,R-Sr.,"Richmond, Va.",Deep Run
Virginia Tech,Jimmy Mullen,DL,Fr.,"Kearny, N.J.",St. Joseph
Virginia Tech,Darius Taylor,LB,Fr.,"Richmond, Va.",Highland Springs
Virginia Tech,Antwaun Powell-Ryland,DL,Jr.,"Portsmouth, Va.",Indian River
Virginia Tech,Tyler Smedley,OL,R-So.,"Ashburn, Va.",Broad Run
Virginia Tech,Will Johnson,LB,R-So.,"Leonardtown, Md.",St. Mary's Ryken
Virginia Tech,Grant Karczewski,OL,Fr.,"Crozet, Va.",Western Albemarle
Virginia Tech,Malachi Madison,DL,R-Fr.,"Chester, Va.",Thomas Dale
Virginia Tech,Lemar Law Jr.,DL,R-Fr.,"Virginia Beach, Va.",Green Run
Virginia Tech,Layth Ghannam,OL,Fr.,"Charleston, W.Va.",George Washington
Virginia Tech,C.J. McCray,DL,R-Jr.,"Lumberton, N.C.",Mallard Creek
Virginia Tech,Brayden DeMasi,OL,Fr.,"Blacksburg, Va.",Blacksburg
Virginia Tech,James Jennette,DL,So.,"Durham, N.C.",Jordan
Virginia Tech,Jack Hollifield,OL,R-So.,"Shelby, N.C.",Shelby
Virginia Tech,Gabriel Arena,OL,Fr.,"Harrisburg, Pa.",Bishop McDevitt
Virginia Tech,Caleb Nitta,OL,Fr.,"Leesburg, Va.",Tuscarora
Virginia Tech,Braelin Moore,OL,R-Fr.,"Bethlehem, Pa.",Freedom
Virginia Tech,Griffin Duggan,OL,R-So.,"Suffolk, Va.",Nansemond-Suffolk Academy
Virginia Tech,Elijah Klock,DL,R-Fr.,"Moraga, Calif.",Campolindo
Virginia Tech,Lance Williams,OL,Fr.,"Alcoa, Tenn.",Alcoa
Virginia Tech,Xavier Chaplin,OL,R-Fr.,"Seabrook, S.C.",Whale Branch Early College
Virginia Tech,Hunter McLain,OL,R-Fr.,"Dalevile, Va.",Lord Botetourt
Virginia Tech,Hannes Hammer,OL,Fr.,"Cologne, Germany",North Cross School (Va.)
Virginia Tech,Kaden Moore,OL,R-Jr.,"Bethlehem, Pa.",Freedom
Virginia Tech,Parker Clements,OL,R-Jr.,"Lugoff, S.C.",Lugoff-Elgin
Virginia Tech,Clayton Frady,OL,Sr.,"Sylva, N.C.",Smoky Mountain
Virginia Tech,Jayson Morgan,OL,Fr.,"Glen Allen, Va.",Deep Run
Virginia Tech,Bob Schick,OL,R-Jr.,"Midway, Utah",Wasatch
Virginia Tech,Johnny Dickson,OL,R-Fr.,"Corpus Christi, Texas",Flour Bluff
Virginia Tech,Brody Meadows,OL,R-Fr.,"Bluefield, Va.",Graham
Virginia Tech,Johnny Garrett,OL,R-Fr.,"Scituate, Mass.",Boston College (HS)
Virginia Tech,Jordan Tapscott,WR,Fr.,"Warrenton, Va.",Kettle Run
Virginia Tech,Benji Gosnell,TE,R-Fr.,"Pilot Mountain, N.C.",East Surry
Virginia Tech,Jaylin Lane,WR,Sr.,"Clover, S.C.",Clover
Virginia Tech,Kyle Lowe,K,R-Jr.,"Midlothian, Va.",Cosby
Virginia Tech,Ja'Ricous Hairston,TE,Fr.,"Bassett, Va.",Bassett
Virginia Tech,Peter Moore,P,R-Jr.,"Davidsonville, Md.",Calvert Hall College
Virginia Tech,Nick Gallo,TE,Sr.,"Richboro, Pa.",Council Rock South
Virginia Tech,Harrison Saint Germain,TE,R-Fr.,"Centreville, Va.",Westfield
Virginia Tech,Zeke Wimbush,TE,Fr.,"Ashburn, Va.",Stone Bridge
Virginia Tech,Latrell Sutton,WR,R-Fr.,"Richmond, Va.",Highland Springs
Virginia Tech,Wilfried Pene,DL,R-Jr.,"Tours, France",St. Thomas More School
Virginia Tech,Bryce LaFollette,P,R-Fr.,"Chesapeake Beach, Md.",Huntingtown
Virginia Tech,Nick Veltsistas,P,R-So.,"Fairfax, Va",Robinson Secondary School
Virginia Tech,Christian Epling,LS,R-Fr.,"Dacula, Ga.",Mill Creek
Virginia Tech,John Love,K,R-Fr.,"Spartanburg, S.C.",Spartanburg
Virginia Tech,Justin Pollock,LS,R-Sr.,"Amelia County, Va.",Amelia County
Virginia Tech,Cole Reemsnyder,TE,R-Fr.,"South Riding, Va.",Freedom
Baylor,Matt Jones,LB,R-Sr.,"Odessa, Texas",Odessa Permian HS
Baylor,Bryson Jackson,S,7th,"Mansfield, Texas",Lake Ridge HS
Baylor,TJ Franklin,DL,5th,"Temple, Texas",Temple HS
Baylor,Ketron Jackson Jr.,WR,Jr.,"Royse City, Texas",Royse City HS
Baylor,Alfonzo Allen,S,So.,"Miami, Fla.",Miami Central HS
Baylor,Blake Shapen,QB,R-Jr.,"Shreveport, La.",Evangel Christian Academy
Baylor,Isaiah Dunson,CB,So.,"Tucker, Ga.",Tucker HS
Baylor,Sawyer Robertson,QB,R-So.,"Lubbock, Texas",Coronado HS
Baylor,Armani Winfield,WR,R-Fr.,"Lewisville, Texas",Lewisville HS
Baylor,RJ Martinez,QB,Jr.,"Austin, Texas",Westwood HS
Baylor,Carl Williams IV,CB,Fr.,"Baton Rouge, La.",Southern Lab HS
Baylor,Hal Presley,WR,Jr.,"Mansfield, Texas",Mansfield Summit HS
Baylor,Jonah Burton,WR,R-So.,"Simi Valley, Calif.",Simi Valley HS
Baylor,Cade Tessier,QB,Fr.,"Montgomery, Texas",Lake Creek HS
Baylor,Brayson McHenry,QB,R-Fr.,"Texarkana, Texas",Texarkana HS
Baylor,Jordan Nabors,WR,So.,"Rockwall, Texas",Heath HS
Baylor,Javon Gipson,WR,R-So.,"Richmond, Texas",George Ranch HS
Baylor,Caden Jenkins,CB,Fr.,"Lewisville, Texas",Lewisville HS
Baylor,Devin Lemear,S,R-So.,"Manor, Texas",Manor HS
Baylor,Chateau Reed,CB,R-Jr.,"Lawton, Okla.",Lawton HS
Baylor,Dominic Richardson,RB,Jr.,"Oklahoma City, Okla.",Bishop McGuinness
Baylor,Reggie Bush,CB,R-Fr.,"Frisco, Texas",Independence HS
Baylor,Jordan Jenkins,RB,R-So.,"Lindale, Texas",Lindale HS
Baylor,Corey Gordon Jr.,S,R-Fr.,"Oklahoma City, Okla.",Putnam City West HS
Baylor,Landry Kinne,WR,R-Jr.,"Waco, Texas",La Vega HS
Baylor,Jacoby Clarke,RB,R-Sr.,"The Woodlands, Texas",The Woodlands HS
Baylor,LeVar Thornton Jr.,CB,Fr.,"Fort Worth, Texas",Timber Creek HS
Baylor,Garrison Grimes,LS,R-So.,"American Fork, Utah",American Fork HS
Baylor,Tevin Williams III,CB,R-So.,"Stillwater, Okla.",Stillwater HS
Baylor,Devyn Bobby,S,So.,"Desoto, Texas",Desoto HS
Baylor,Romario Noel,S,R-So.,"Cypress, Texas",Cy Ranch HS
Baylor,Richard Reese,RB,So.,"Bellville, Texas",Bellville HS
Baylor,Michael Allen,S,R-Fr.,"Stilwell, Kan.",Blue Valley HS
Baylor,Bryson Washington,RB,Fr.,"Franklin, Texas",Franklin HS
Baylor,Carmello Jones,LB,R-Fr.,"Mobile, Ala.",West Orange-Stark [Texas] HS
Baylor,DJ Coleman,S,Fr.,"Mesquite, Texas",Horn HS
Baylor,MJ Artmore Jr.,CB,Fr.,"Mountain View, Calif.",Saint Francis HS
Baylor,Josh Cameron,WR,R-So.,"Cedar Park, Texas",Cedar Park HS
Baylor,Jackie Marshall,DL,R-So.,"LaPlace, La.",East St. John HS
Baylor,Dawson Pendergrass,RB,Fr.,"Alba, Texas",Mineola HS
Baylor,Tyrone Brown,LB,R-So.,"Orange, Texas",West Orange-Stark HS
Baylor,Tay'Shawn Wilson,CB,Fr.,"Cypress, Texas",Mayde Creek HS
Baylor,Jacob Redding,S,Fr.,"New Braunfels, Texas",New Braunfels HS
Baylor,Michael Mastrodicasa,S,R-So.,"Austin, Texas",Vandegrift HS
Baylor,Mike Smith Jr.,LB,5th,"Flora, Miss.",Ridgeland HS
Baylor,Brooks Miller,LB,R-Jr.,"West Monroe, La.",West Monroe HS
Baylor,Jeremy Evans,LB,R-Fr.,"Tenaha, Texas",Tenaha HS
Baylor,Gavin Yates,TE,Jr.,"Frisco, Texas",Memorial HS
Baylor,Mark Patton,TE,R-Jr.,"Tyler, Texas",Lee HS
Baylor,Josh White,LB,R-Jr.,"Houston, Texas",Cy Creek HS
Baylor,Hawkins Polley,TE,Fr.,"Houston, Texas",Stratford HS
Baylor,Byron Vaughns,OLB,5th,"Fort Worth, Texas",Eastern Hills HS
Baylor,Tony Anyanwu,OLB,Jr.,"Rowlett, Texas",Sachse HS
Baylor,Caleb Parker,S,R-Jr.,"Dallas, Texas",Lake Highlands HS
Baylor,Dylan Schaub,LS,Fr.,"New Waverly, Texas",New Waverly HS
Baylor,Treven Ma'ae,DL,R-Jr.,"Kapolei, Hawaii",Bishop Gorman [Nev.] HS
Baylor,Trey Laurence,LB,Fr.,"San Antonio, Texas",Reagan HS
Baylor,Jonathan Steinhauer,TE,Fr.,"Sorø, Denmark",Joshua [Texas] HS
Baylor,Connor Heffernan,OL,R-So.,"Georgetown, Texas",Georgetown HS
Baylor,Kaian Roberts-Day,DL,R-Fr.,"Festus, Mo.",Festus HS
Baylor,Kyler Jordan,OLB,R-Fr.,"Lubbock, Texas",Cooper HS
Baylor,Corey Kelly,OLB,Fr.,"Houston, Texas",Clear Falls HS
Baylor,Campbell Barrington,OL,Jr.,"Spokane, Wash.",University HS
Baylor,Timothy Dawn,OL,R-Fr.,"Camden, Ark.",Fairview HS
Baylor,David Marshall Jr.,DL,So.,"Waxahachie, Texas",Waxahachie HS
Baylor,Garmon Randolph,OLB,R-Sr.,"Jefferson, Ga.",Jefferson HS
Baylor,Clark Barrington,OL,5th,"Spokane, Wash.",University HS
Baylor,Braden Strauss,LB,R-Jr.,"Waco, Texas",Midway HS
Baylor,Wes Tucker,OL,Fr.,"Argyle, Texas",Argyle HS
Baylor,Prince Ugoh,DL,R-So.,"Frisco, Texas",Liberty HS
Baylor,Gavin Byers,OL,Sr.,"Grapevine, Texas",Colleyville Heritage HS
Baylor,Jaden Maronen,LB,R-So.,"Katy, Texas",Katy HS
Baylor,Devonte Tezino,DL,R-Fr.,"Killeen, Texas",Ellison HS
Baylor,Cayden Tone,OL,Fr.,"San Mateo, Calif.",Junipero Serra HS
Baylor,Ryan Lengyel,OL,R-So.,"Dallas, Texas",Jesuit Prep
Baylor,Sean Thompkins,OL,Fr.,"Covington, Ga.",Newton HS
Baylor,Bryce Simpson,OL,R-Fr.,"Cypress, Texas",Cypress Ranch HS
Baylor,MJ Ruhman,OL,R-So.,"The Woodlands, Texas",The Woodlands HS
Baylor,Coleton Price,OL,R-Fr.,"Bowie, Texas",Bowie HS
Baylor,George Maile,OL,R-Fr.,"South Jordan, Utah",Bingham HS
Baylor,Kaden Sieracki,OL,R-Fr.,"The Woodlands, Texas",The Woodlands HS
Baylor,Elijah Ellis,OL,R-Sr.,"Paris, Texas",Paris HS
Baylor,Isaiah Robinson,OL,Fr.,"Arlington, Texas",Lamar HS
Baylor,Tate Williams,OL,R-So.,"Wall, Texas",Wall HS
Baylor,Alvin Ebosele,OL,R-Fr.,"Coppell, Texas",Coppell HS
Baylor,Monaray Baldwin,WR,Jr.,"Killeen, Texas",Shoemaker HS
Baylor,Jonathan Davidson,WR,R-Jr.,"Fulshear, Texas",Fulshear HS
Baylor,Cody Mladenka,TE,R-Fr.,"The Woodlands, Texas",College Park HS
Baylor,Cameron Bonner,WR,R-So.,"Houston, Texas",St. Thomas HS
Baylor,Matthew Klopfenstein,TE,Fr.,"Scottsdale, Ariz.",Horizon HS
Baylor,Jake Roberts,TE,Jr.,"Norman, Okla.",Norman North HS
Baylor,Kelsey Johnson,TE,So.,"Red Oak, Texas",Red Oak HS
Baylor,Micah Gifford,WR,Fr.,"Pflugerville, Texas",Weiss HS
Baylor,Drake Dabney,TE,Sr.,"Cypress, Texas",Cypress Ranch HS
Baylor,Brendan Bett,DL,Fr.,"Killeen, Texas",Ellison HS
Baylor,Trey Wilson,DL,Fr.,"Garland, Texas",Lakeview Centennial HS
Baylor,Trent Thomas,DL,Fr.,"Missouri City, Texas",Thurgood Marshall HS
Baylor,DK Kalu,DL,Fr.,"Missouri City, Texas",Ridge Point HS
Baylor,BoChao Jin,DL,R-Jr.,"Beijing, China",Aquinas Institute
Baylor,Palmer Williams,P,Fr.,"Advance, N.C.",Davie HS
Baylor,Gabe Hall,DL,Sr.,"Waller, Texas",Waller HS
Baylor,Bryce Boland,K,R-Jr.,"Waco, Texas",Midway HS
Baylor,Justin Sambu,DL,5th,"Calgary, Alberta, Canada",Clarkson North HS
Baylor,Hayden Arnold,K,Fr.,"Austin, Texas",Vandegrift HS
Baylor,Cooper Lanz,DL,R-So.,"Denton, Texas",Guyer HS
Baylor,Jerrell Boykins Jr.,DL,R-So.,"Gonzales, La.",East Ascension HS
Baylor,Isaiah Hankins,K,R-So.,"Little Rock, Ark.",Little Rock Christian
Baylor,Tre Emory,DL,R-Fr.,"Mount Pleasant, Texas",Mount Pleasant HS
Baylor,Jack Stone,K,So.,"Dallas, Texas",Highland Park HS