geoid,hometown_city_clean,hometown_state_clean,hometown_combined,total_players,total_pop,black_pop,pct_black,median_income,players_per_thousand,players_per_capita
1369980,Sharpsburg,GA,"Sharpsburg, GA",3,380,7,1.8,69531,7.9,127
2682450,Clarkston,MI,"Clarkston, MI",6,775,36,4.6,95313,7.7,129
4205288,Belle Vernon,PA,"Belle Vernon, PA",3,803,40,5,39007,3.7,268
1309068,Bogart,GA,"Bogart, GA",4,1276,39,3.1,83333,3.1,319
4566760,Six Mile,SC,"Six Mile, SC",3,1086,0,0,103750,2.8,362
2840600,Lexington,MS,"Lexington, MS",3,1154,873,75.6,39076,2.6,385
2607020,Belleville,MI,"Belleville, MI",8,3979,731,18.4,55979,2,497
3751820,Pilot Mountain,NC,"Pilot Mountain, NC",3,1667,76,4.6,42045,1.8,556
4801744,Aledo,TX,"Aledo, TX",9,5053,49,1,123045,1.8,561
1522250,Kahuku,HI,"Kahuku, HI",4,2274,59,2.6,71758,1.8,568
1345768,Leesburg,GA,"Leesburg, GA",6,3465,1636,47.2,55417,1.7,578
4803768,Argyle,TX,"Argyle, TX",8,4638,54,1.2,205246,1.7,580
1320932,Cumming,GA,"Cumming, GA",12,7371,598,8.1,71855,1.6,614
4838476,Katy,TX,"Katy, TX",34,22826,2776,12.2,114917,1.5,671
4535755,Inman,SC,"Inman, SC",4,2987,467,15.6,50938,1.3,747
1311784,Buford,GA,"Buford, GA",23,17222,2147,12.5,68165,1.3,749
4832720,Haslet,TX,"Haslet, TX",3,2336,89,3.8,160481,1.3,779
4223472,Elysburg,PA,"Elysburg, PA",3,2451,0,0,119216,1.2,817
5174916,Stafford Courthouse,VA,"Stafford Courthouse, VA",6,4996,1769,35.4,94653,1.2,833
4846056,Magnolia,TX,"Magnolia, TX",3,2620,280,10.7,59922,1.1,873
1543250,Laie,HI,"Laie, HI",6,5411,20,0.4,108965,1.1,902
3717000,Denver,NC,"Denver, NC",3,2739,17,0.6,65577,1.1,913
4229040,Gibsonia,PA,"Gibsonia, PA",3,2876,0,0,130750,1,959
2842440,Lucedale,MS,"Lucedale, MS",3,2914,997,34.2,35662,1,971
0684438,Westlake Village,CA,"Westlake Village, CA",8,7948,44,0.6,188681,1,994
1380788,Watkinsville,GA,"Watkinsville, GA",3,2998,97,3.2,78750,1,999
1340056,Hoschton,GA,"Hoschton, GA",3,3099,176,5.7,87021,1,1033
1374936,Suwanee,GA,"Suwanee, GA",20,21238,2689,12.7,100780,0.9,1062
3447130,Monmouth Beach,NJ,"Monmouth Beach, NJ",3,3199,24,0.8,144792,0.9,1066
1253800,Pahokee,FL,"Pahokee, FL",5,5548,2971,53.6,36289,0.9,1110
2622160,Dexter,MI,"Dexter, MI",4,4505,16,0.4,89671,0.9,1126
1334596,Grayson,GA,"Grayson, GA",4,4572,3538,77.4,121421,0.9,1143
0648186,Mission Hills,CA,"Mission Hills, CA",3,3458,100,2.9,102024,0.9,1153
2423025,District Heights,MD,"District Heights, MD",5,5905,5483,92.9,84929,0.8,1181
1729125,Gibson City,IL,"Gibson City, IL",3,3615,52,1.4,51275,0.8,1205
2842280,Louisville,MS,"Louisville, MS",5,6061,3613,59.6,36078,0.8,1212
4507255,Blythewood,SC,"Blythewood, SC",4,4890,2037,41.7,100595,0.8,1222
5108152,Bluefield,VA,"Bluefield, VA",4,5059,593,11.7,53162,0.8,1265
4513015,Central,SC,"Central, SC",4,5272,533,10.1,45909,0.8,1318
1373816,Stone Mountain,GA,"Stone Mountain, GA",5,6638,5671,85.4,44950,0.8,1328
0950576,New Canaan,CT,"New Canaan, CT",5,6863,144,2.1,167614,0.7,1373
4821424,Dripping Springs,TX,"Dripping Springs, TX",4,5495,63,1.1,104141,0.7,1374
4775000,Trenton,TN,"Trenton, TN",3,4202,1323,31.5,32178,0.7,1401
1347196,Loganville,GA,"Loganville, GA",10,14287,5192,36.3,77750,0.7,1429
1578050,Waimanalo,HI,"Waimanalo, HI",4,5743,0,0,127143,0.7,1436
1268525,Starke,FL,"Starke, FL",4,5756,1499,26,42976,0.7,1439
0160648,Pinson,AL,"Pinson, AL",5,7209,2978,41.3,83673,0.7,1442
2815340,Columbia,MS,"Columbia, MS",4,5831,2498,42.8,29470,0.7,1458
4861892,Richmond,TX,"Richmond, TX",8,11931,3175,26.6,51832,0.7,1491
2658980,Northville,MI,"Northville, MI",4,6088,6,0.1,134330,0.7,1522
1320064,Covington,GA,"Covington, GA",9,14190,7062,49.8,47278,0.6,1577
5533100,Hartland,WI,"Hartland, WI",6,9599,40,0.4,82238,0.6,1600
1247625,Naples,FL,"Naples, FL",12,19315,952,4.9,135657,0.6,1610
3962498,Pickerington,OH,"Pickerington, OH",14,23229,4543,19.6,114573,0.6,1659
0175768,Theodore,AL,"Theodore, AL",3,5123,825,16.1,62553,0.6,1708
4811460,Brock,TX,"Brock, TX",4,6846,0,0,147156,0.6,1712
1321184,Dacula,GA,"Dacula, GA",4,6906,1682,24.4,81322,0.6,1726
1331096,Fort Valley,GA,"Fort Valley, GA",5,8821,6191,70.2,31807,0.6,1764
1374964,Swainsboro,GA,"Swainsboro, GA",4,7542,4306,57.1,44491,0.5,1886
1378044,Tyrone,GA,"Tyrone, GA",4,7710,2391,31,112898,0.5,1928
4510855,Camden,SC,"Camden, SC",4,7834,2518,32.1,54141,0.5,1958
4219752,Downingtown,PA,"Downingtown, PA",4,8088,1018,12.6,74323,0.5,2022
1336276,Hampton,GA,"Hampton, GA",4,8244,4810,58.3,67808,0.5,2061
2403390248,Upper Marlboro,MD,"Upper Marlboro, MD",12,24732,20315,82.1,139805,0.5,2061
1343192,Kennesaw,GA,"Kennesaw, GA",16,33360,7018,21,81467,0.5,2085
4873316,Tomball,TX,"Tomball, TX",6,12630,860,6.8,70829,0.5,2105
0176944,Trussville,AL,"Trussville, AL",12,25621,2321,9.1,118028,0.5,2135
1264925,Seffner,FL,"Seffner, FL",4,8597,2032,23.6,87847,0.5,2149
4813108,Carthage,TX,"Carthage, TX",3,6549,786,12,42788,0.5,2183
1349756,Marietta,GA,"Marietta, GA",28,61387,18879,30.8,67589,0.5,2192
1300408,Acworth,GA,"Acworth, GA",10,22318,5029,22.5,74643,0.4,2232
0141296,Lanett,AL,"Lanett, AL",3,6880,4918,71.5,48125,0.4,2293
4535890,Irmo,SC,"Irmo, SC",5,11685,3403,29.1,77656,0.4,2337
2856960,Philadelphia,MS,"Philadelphia, MS",3,7065,3590,50.8,38713,0.4,2355
4835348,Humble,TX,"Humble, TX",7,16563,4219,25.5,58581,0.4,2366
4869032,Southlake,TX,"Southlake, TX",13,30779,417,1.4,250001,0.4,2368
0603092,Atherton,CA,"Atherton, CA",3,7124,103,1.4,250001,0.4,2375
1348624,McDonough,GA,"McDonough, GA",12,29134,21131,72.5,77804,0.4,2428
1741105,Lake Forest,IL,"Lake Forest, IL",8,19436,191,1,202153,0.4,2430
4708920,Brownsville,TN,"Brownsville, TN",4,9739,6655,68.3,38662,0.4,2435
4773900,Thompson's Station,TN,"Thompson's Station, TN",3,7426,10,0.1,116569,0.4,2475
1355776,Norcross,GA,"Norcross, GA",7,17530,4823,27.5,74921,0.4,2504
1942015,Knoxville,IA,"Knoxville, IA",3,7523,32,0.4,57318,0.4,2508
4514950,Clemson,SC,"Clemson, SC",7,17557,1505,8.6,50263,0.4,2508
1319616,Cordele,GA,"Cordele, GA",4,10210,7119,69.7,33166,0.4,2552
2956288,Parkville,MO,"Parkville, MO",3,7669,207,2.7,166563,0.4,2556
2280955,West Monroe,LA,"West Monroe, LA",5,12987,5542,42.7,47129,0.4,2597
1371604,Snellville,GA,"Snellville, GA",8,20895,8383,40.1,88586,0.4,2612
2608160,Beverly Hills,MI,"Beverly Hills, MI",4,10550,695,6.6,162364,0.4,2638
2248225,Mandeville,LA,"Mandeville, LA",5,13194,292,2.2,84886,0.4,2639
1565900,Pukalani,HI,"Pukalani, HI",3,7930,94,1.2,119426,0.4,2643
3937464,Ironton,OH,"Ironton, OH",4,10597,208,2,43702,0.4,2649
1323900,Douglasville,GA,"Douglasville, GA",13,35252,22482,63.8,72753,0.4,2712
1213150,Cocoa,FL,"Cocoa, FL",7,19073,5388,28.2,53900,0.4,2725
1345488,Lawrenceville,GA,"Lawrenceville, GA",11,30465,10733,35.2,55608,0.4,2770
4846500,Manvel,TX,"Manvel, TX",4,11265,2946,26.2,105188,0.4,2816
1362524,Powder Springs,GA,"Powder Springs, GA",6,16930,8831,52.2,88311,0.4,2822
4815988,Colleyville,TX,"Colleyville, TX",9,25876,998,3.9,196298,0.3,2875
5326735,Gig Harbor,WA,"Gig Harbor, WA",4,11917,64,0.5,103688,0.3,2979
4708280,Brentwood,TN,"Brentwood, TN",15,44830,1458,3.3,181576,0.3,2989
3120260,Gretna,NE,"Gretna, NE",3,9019,15,0.2,117553,0.3,3006
1252125,Orange Park,FL,"Orange Park, FL",3,9047,2307,25.5,67035,0.3,3016
1507450,Ewa Beach,HI,"Ewa Beach, HI",5,15167,0,0,114207,0.3,3033
4014200,Choctaw,OK,"Choctaw, OK",4,12154,247,2,90241,0.3,3038
1237775,Lake City,FL,"Lake City, FL",4,12307,4429,36,46172,0.3,3077
4540615,Laurens,SC,"Laurens, SC",3,9276,3345,36.1,52585,0.3,3092
3761200,Shelby,NC,"Shelby, NC",7,21712,7269,33.5,46176,0.3,3102
1328968,Fayetteville,GA,"Fayetteville, GA",6,19010,7615,40.1,79865,0.3,3168
4854132,Orange,TX,"Orange, TX",6,19221,6048,31.5,58756,0.3,3204
0159760,Pike Road,AL,"Pike Road, AL",3,9651,2832,29.3,119928,0.3,3217
4526890,Fort Mill,SC,"Fort Mill, SC",8,26022,2900,11.1,128125,0.3,3253
4832984,Heath,TX,"Heath, TX",3,9771,40,0.4,211522,0.3,3257
4501360,Anderson,SC,"Anderson, SC",9,29345,8452,28.8,40445,0.3,3261
0620956,East Palo Alto,CA,"East Palo Alto, CA",9,29520,3825,13,103248,0.3,3280
3771680,Weddington,NC,"Weddington, NC",4,13173,862,6.5,171810,0.3,3293
1328380,Fairburn,GA,"Fairburn, GA",5,16469,12400,75.3,67245,0.3,3294
5379590,Woodinville,WA,"Woodinville, WA",4,13301,229,1.7,142500,0.3,3325
1341988,Jefferson,GA,"Jefferson, GA",4,13496,2020,15,95850,0.3,3374
1727624,Frankfort,IL,"Frankfort, IL",6,20260,1971,9.7,157615,0.3,3377
1224000,Fort Lauderdale,FL,"Fort Lauderdale, FL",54,182673,53400,29.2,75376,0.3,3383
1314500,Cedartown,GA,"Cedartown, GA",3,10166,2403,23.6,30655,0.3,3389
1911080,Carroll,IA,"Carroll, IA",3,10270,210,2,60368,0.3,3423
2411750,Burtonsville,MD,"Burtonsville, MD",3,10316,3865,37.5,138416,0.3,3439
5365205,Snoqualmie,WA,"Snoqualmie, WA",4,13762,81,0.6,186353,0.3,3440
1319336,Conyers,GA,"Conyers, GA",5,17415,11149,64,53500,0.3,3483
5103320,Ashburn,VA,"Ashburn, VA",13,45479,3529,7.8,147192,0.3,3498
3953970,New Albany,OH,"New Albany, OH",3,10516,229,2.2,224824,0.3,3505
5582600,Verona,WI,"Verona, WI",4,14040,227,1.6,109960,0.3,3510
0933690,Greenwich,CT,"Greenwich, CT",4,14051,906,6.4,128839,0.3,3513
4848804,Missouri City,TX,"Missouri City, TX",21,74517,30065,40.3,97211,0.3,3548
0101852,Anniston,AL,"Anniston, AL",6,21502,10844,50.4,45642,0.3,3584
2811100,Canton,MS,"Canton, MS",3,10951,8176,74.7,33411,0.3,3650
2856800,Petal,MS,"Petal, MS",3,11047,1633,14.8,61957,0.3,3682
3461680,Ramsey,NJ,"Ramsey, NJ",4,14739,92,0.6,160589,0.3,3685
0100820,Alabaster,AL,"Alabaster, AL",9,33417,5884,17.6,89423,0.3,3713
4861196,Red Oak,TX,"Red Oak, TX",4,14853,5125,34.5,105309,0.3,3713
1703844,Barrington,IL,"Barrington, IL",3,11244,149,1.3,160171,0.3,3748
2038650,Lansing,KS,"Lansing, KS",3,11254,1516,13.5,100863,0.3,3751
1722255,East St. Louis,IL,"East St. Louis, IL",5,18796,17773,94.6,28519,0.3,3759
5323620,Ferndale,WA,"Ferndale, WA",4,15130,35,0.2,82466,0.3,3782
1311560,Brunswick,GA,"Brunswick, GA",4,15243,9375,61.5,29781,0.3,3811
4846440,Manor,TX,"Manor, TX",4,15341,3284,21.4,96657,0.3,3835
1313688,Cartersville,GA,"Cartersville, GA",6,23103,3065,13.3,75407,0.3,3850
5578750,Sussex,WI,"Sussex, WI",3,11549,126,1.1,105435,0.3,3850
4935190,Highland,UT,"Highland, UT",5,19267,373,1.9,166429,0.3,3853
4846452,Mansfield,TX,"Mansfield, TX",19,73680,17190,23.3,112465,0.3,3878
4570405,Sumter,SC,"Sumter, SC",11,43046,20400,47.4,48900,0.3,3913
2445825,Largo,MD,"Largo, MD",3,11757,10234,87,99121,0.3,3919
4820092,DeSoto,TX,"DeSoto, TX",14,55882,37376,66.9,81736,0.3,3992
5131200,Glen Allen,VA,"Glen Allen, VA",4,16246,4308,26.5,88206,0.2,4062
1351670,Milton,GA,"Milton, GA",10,41029,5468,13.3,142845,0.2,4103
1301696,Alpharetta,GA,"Alpharetta, GA",16,65884,7432,11.3,141402,0.2,4118
1238425,Lake Mary,FL,"Lake Mary, FL",4,16636,1636,9.8,106971,0.2,4159
3730120,Havelock,NC,"Havelock, NC",4,16759,2772,16.5,56492,0.2,4190
4528060,Gaffney,SC,"Gaffney, SC",3,12651,5496,43.4,38059,0.2,4217
0124568,Eufaula,AL,"Eufaula, AL",3,12746,5673,44.5,39511,0.2,4249
0159472,Phenix City,AL,"Phenix City, AL",9,38413,18517,48.2,46944,0.2,4268
2119882,Danville,KY,"Danville, KY",4,17191,2089,12.2,48038,0.2,4298
77429,Cypress,TX,"Cypress, TX",21,90790,8559,9.4,123172,0.2,4323
3915644,Clayton,OH,"Clayton, OH",3,13292,3917,29.5,89282,0.2,4431
1313492,Carrollton,GA,"Carrollton, GA",6,26622,9856,37,46722,0.2,4437
4281328,Washington,PA,"Washington, PA",3,13358,1827,13.7,50548,0.2,4453
3908364,Brecksville,OH,"Brecksville, OH",3,13618,172,1.3,122546,0.2,4539
1201700,Apopka,FL,"Apopka, FL",12,55056,13916,25.3,87394,0.2,4588
2844520,Madison,MS,"Madison, MS",6,27595,3633,13.2,124575,0.2,4599
1380956,Waycross,GA,"Waycross, GA",3,13856,7647,55.2,36818,0.2,4619
1343640,Kingsland,GA,"Kingsland, GA",4,18563,4259,22.9,73839,0.2,4641
0107000,Birmingham,AL,"Birmingham, AL",43,200431,137487,68.6,42464,0.2,4661
3964486,Powell,OH,"Powell, OH",3,14113,176,1.2,182736,0.2,4704
1321324,Dallas,GA,"Dallas, GA",3,14126,4469,31.6,60032,0.2,4709
5129744,Fredericksburg,VA,"Fredericksburg, VA",6,28258,6084,21.5,83445,0.2,4710
30294,Ellenwood,GA,"Ellenwood, GA",9,42594,36783,86.4,73608,0.2,4733
1304896,Bainbridge,GA,"Bainbridge, GA",3,14234,7908,55.6,42093,0.2,4745
1331908,Gainesville,GA,"Gainesville, GA",9,42780,6630,15.5,64163,0.2,4753
2251410,Monroe,LA,"Monroe, LA",10,47631,29102,61.1,36550,0.2,4763
1353060,Moultrie,GA,"Moultrie, GA",3,14533,6806,46.8,41228,0.2,4844
2283405,Zachary,LA,"Zachary, LA",4,19401,9493,48.9,88811,0.2,4850
4070300,Stillwater,OK,"Stillwater, OK",10,48644,2278,4.7,39998,0.2,4864
1262500,St. Augustine,FL,"St. Augustine, FL",3,14642,722,4.9,72806,0.2,4881
4200360272,Pine Township,PA,"Pine Township, PA",3,14728,162,1.1,171804,0.2,4909
1255925,Pensacola,FL,"Pensacola, FL",11,54059,12555,23.2,67722,0.2,4914
2977416,Washington,MO,"Washington, MO",3,14769,23,0.2,75127,0.2,4923
2813820,Clarksdale,MS,"Clarksdale, MS",3,14769,11969,81,35377,0.2,4923
5584350,Waunakee,WI,"Waunakee, WI",3,14794,274,1.9,132305,0.2,4931
4002600,Ardmore,OK,"Ardmore, OK",5,24784,2204,8.9,49408,0.2,4957
1278300,Winter Park,FL,"Winter Park, FL",6,29985,1134,3.8,96563,0.2,4998
1276658,West Park,FL,"West Park, FL",3,15074,6921,45.9,58712,0.2,5025
4821628,Duncanville,TX,"Duncanville, TX",8,40288,13047,32.4,66601,0.2,5036
5455756,Morgantown,WV,"Morgantown, WV",6,30220,1257,4.2,41103,0.2,5037
2689140,Ypsilanti,MI,"Ypsilanti, MI",4,20204,4861,24.1,41914,0.2,5051
2433400,Glenn Dale,MD,"Glenn Dale, MD",3,15244,8137,53.4,131012,0.2,5081
1367284,Roswell,GA,"Roswell, GA",18,92770,11035,11.9,122924,0.2,5154
2680340,Traverse City,MI,"Traverse City, MI",3,15468,223,1.4,70700,0.2,5156
4037800,Jenks,OK,"Jenks, OK",5,25872,774,3,101767,0.2,5174
1344340,LaGrange,GA,"LaGrange, GA",6,31173,16337,52.4,41030,0.2,5196
5340805,Lynden,WA,"Lynden, WA",3,15723,135,0.9,86175,0.2,5241
1248750,Niceville,FL,"Niceville, FL",3,15804,1056,6.7,92345,0.2,5268
1324600,Duluth,GA,"Duluth, GA",6,31742,7544,23.8,88915,0.2,5290
1324376,Dublin,GA,"Dublin, GA",3,15985,10560,66.1,37734,0.2,5328
1245000,Miami,FL,"Miami, FL",83,443665,62634,14.1,54858,0.2,5345
3712860,Clayton,NC,"Clayton, NC",5,26837,6432,24,71698,0.2,5367
4820344,Dickinson,TX,"Dickinson, TX",4,21475,1440,6.7,81739,0.2,5369
0168160,Saraland,AL,"Saraland, AL",3,16109,2424,15,62802,0.2,5370
2831020,Hattiesburg,MS,"Hattiesburg, MS",9,48466,24983,51.5,41024,0.2,5385
4019900,Del City,OK,"Del City, OK",4,21682,4786,22.1,48200,0.2,5420
0617988,Danville,CA,"Danville, CA",8,43449,261,0.6,209518,0.2,5431
3922694,Dublin,OH,"Dublin, OH",9,48893,797,1.6,158363,0.2,5433
3431880,Hillsborough,NJ,"Hillsborough, NJ",4,21865,977,4.5,137748,0.2,5466
1238950,Lake Wales,FL,"Lake Wales, FL",3,16455,3226,19.6,55833,0.2,5485
0178552,Vestavia Hills,AL,"Vestavia Hills, AL",7,38600,2080,5.4,127582,0.2,5514
1264175,Sarasota,FL,"Sarasota, FL",10,55508,8017,14.4,68870,0.2,5551
1729756,Glen Ellyn,IL,"Glen Ellyn, IL",5,28304,775,2.7,128132,0.2,5661
4901310,American Fork,UT,"American Fork, UT",6,33986,68,0.2,90490,0.2,5664
1530300,Kapolei,HI,"Kapolei, HI",4,22701,502,2.2,121768,0.2,5675
1376476,Tifton,GA,"Tifton, GA",3,17059,5697,33.4,42200,0.2,5686
0845255,Littleton,CO,"Littleton, CO",8,45531,421,0.9,90273,0.2,5691
1735307,Hinsdale,IL,"Hinsdale, IL",3,17169,200,1.2,250001,0.2,5723
4006400,Bixby,OK,"Bixby, OK",5,28731,479,1.7,93765,0.2,5746
5167000,Richmond,VA,"Richmond, VA",39,227171,99855,44,59606,0.2,5825
1384176,Woodstock,GA,"Woodstock, GA",6,35171,4292,12.2,100913,0.2,5862
1335324,Griffin,GA,"Griffin, GA",4,23485,12245,52.1,42047,0.2,5871
1224300,Fort Pierce,FL,"Fort Pierce, FL",8,47153,20945,44.4,45121,0.2,5894
2253545,Natchitoches,LA,"Natchitoches, LA",3,17908,10181,56.9,34020,0.2,5969
4843012,Little Elm,TX,"Little Elm, TX",8,48241,8755,18.1,110218,0.2,6030
5126496,Fairfax,VA,"Fairfax, VA",4,24242,1423,5.9,128708,0.2,6060
5187312,Woodbridge,VA,"Woodbridge, VA",7,42619,10886,25.5,93347,0.2,6088
4813492,Cedar Hill,TX,"Cedar Hill, TX",8,48733,24504,50.3,84132,0.2,6092
1322052,Decatur,GA,"Decatur, GA",4,24421,3557,14.6,129992,0.2,6105
2853520,Ocean Springs,MS,"Ocean Springs, MS",3,18417,1174,6.4,72500,0.2,6139
1378800,Valdosta,GA,"Valdosta, GA",9,55266,30696,55.5,41365,0.2,6141
3915000,Cincinnati,OH,"Cincinnati, OH",50,308870,122384,39.6,49191,0.2,6177
1304000,Atlanta,GA,"Atlanta, GA",80,494838,235308,47.6,77655,0.2,6185
1376224,Thomasville,GA,"Thomasville, GA",3,18744,10403,55.5,45789,0.2,6248
0157048,Opelika,AL,"Opelika, AL",5,31361,11456,36.5,55218,0.2,6272
2808300,Brandon,MS,"Brandon, MS",4,25142,5001,19.9,89051,0.2,6286
4920120,Draper,UT,"Draper, UT",8,50635,998,2,126041,0.2,6329
0651560,Norco,CA,"Norco, CA",4,25328,856,3.4,120636,0.2,6332
3739700,Lumberton,NC,"Lumberton, NC",3,19099,6989,36.6,41314,0.2,6366
3736080,Knightdale,NC,"Knightdale, NC",3,19127,9030,47.2,79364,0.2,6376
0822035,Durango,CO,"Durango, CO",3,19148,122,0.6,76177,0.2,6383
1718992,Deerfield,IL,"Deerfield, IL",3,19173,76,0.4,185762,0.2,6391
2854840,Oxford,MS,"Oxford, MS",4,25713,6604,25.7,56784,0.2,6428
3948244,Massillon,OH,"Massillon, OH",5,32179,2316,7.2,53699,0.2,6436
4530850,Greenville,SC,"Greenville, SC",11,70838,16113,22.7,65519,0.2,6440
0105980,Bessemer,AL,"Bessemer, AL",4,25890,18628,72,34953,0.2,6472
1203675,Bartow,FL,"Bartow, FL",3,19424,4666,24,60974,0.2,6475
4516000,Columbia,SC,"Columbia, SC",21,136754,55616,40.7,54095,0.2,6512
1766703,St. Charles,IL,"St. Charles, IL",5,32776,1151,3.5,110346,0.2,6555
4801924,Allen,TX,"Allen, TX",16,105444,12108,11.5,121259,0.2,6590
1278250,Winter Garden,FL,"Winter Garden, FL",7,46518,6482,13.9,101953,0.2,6645
4180150,West Linn,OR,"West Linn, OR",4,27167,229,0.8,134116,0.1,6792
0919083500,Westport,CT,"Westport, CT",4,27232,480,1.8,242868,0.1,6808
4841212,Lancaster,TX,"Lancaster, TX",6,40958,27660,67.5,65323,0.1,6826
4862828,Rockwall,TX,"Rockwall, TX",7,47859,3395,7.1,114799,0.1,6837
3770540,Wake Forest,NC,"Wake Forest, NC",7,48047,8647,18,115159,0.1,6864
3771460,Waxhaw,NC,"Waxhaw, NC",3,20665,1886,9.1,124711,0.1,6888
1261500,Rockledge,FL,"Rockledge, FL",4,27808,3831,13.8,80759,0.1,6952
3948188,Mason,OH,"Mason, OH",5,34768,1765,5.1,121082,0.1,6954
1369000,Savannah,GA,"Savannah, GA",21,147583,77831,52.7,54748,0.1,7028
1829898,Greenwood,IN,"Greenwood, IN",9,63579,2569,4,75398,0.1,7064
2876720,Vicksburg,MS,"Vicksburg, MS",3,21337,14659,68.7,45147,0.1,7112
0636546,Inglewood,CA,"Inglewood, CA",15,106806,42225,39.5,67563,0.1,7120
0124184,Enterprise,AL,"Enterprise, AL",4,28513,6498,22.8,64888,0.1,7128
4232800,Harrisburg,PA,"Harrisburg, PA",7,50055,23245,46.4,46654,0.1,7151
1271000,Tampa,FL,"Tampa, FL",54,388768,84660,21.8,66802,0.1,7199
4549075,Myrtle Beach,SC,"Myrtle Beach, SC",5,36064,5613,15.6,50558,0.1,7213
0619990,Duarte,CA,"Duarte, CA",3,21686,1076,5,93908,0.1,7229
4872368,Texarkana,TX,"Texarkana, TX",5,36156,13779,38.1,48054,0.1,7231
2965000,St. Louis,MO,"St. Louis, MO",41,298018,130753,43.9,52941,0.1,7269
4530895,Greenwood,SC,"Greenwood, SC",3,22528,10838,48.1,38884,0.1,7509
1366668,Rome,GA,"Rome, GA",5,37621,9335,24.8,48512,0.1,7524
4534045,Hilton Head Island,SC,"Hilton Head Island, SC",5,37708,2675,7.1,93694,0.1,7542
2874840,Tupelo,MS,"Tupelo, MS",5,37939,14608,38.5,62686,0.1,7588
1238250,Lakeland,FL,"Lakeland, FL",15,114404,22653,19.8,58290,0.1,7627
1983910,West Des Moines,IA,"West Des Moines, IA",9,68744,3016,4.4,82345,0.1,7638
2057575,Prairie Village,KS,"Prairie Village, KS",3,22922,269,1.2,99691,0.1,7641
3467470,Sicklerville,NJ,"Sicklerville, NJ",6,45853,17089,37.3,97576,0.1,7642
1810342,Carmel,IN,"Carmel, IN",13,99453,3510,3.5,132859,0.1,7650
1263650,Sanford,FL,"Sanford, FL",8,61272,16706,27.3,59181,0.1,7659
2163912,Radcliff,KY,"Radcliff, KY",3,22981,6576,28.6,54558,0.1,7660
4826232,Flower Mound,TX,"Flower Mound, TX",10,76630,2497,3.3,154471,0.1,7663
5116096,Chester,VA,"Chester, VA",3,23068,5866,25.4,87242,0.1,7689
0609598,Calabasas,CA,"Calabasas, CA",3,23106,571,2.5,154079,0.1,7702
2960752,Raymore,MO,"Raymore, MO",3,23232,2395,10.3,96536,0.1,7744
4827684,Frisco,TX,"Frisco, TX",26,202075,18651,9.2,144567,0.1,7772
1906355,Bettendorf,IA,"Bettendorf, IA",5,38997,670,1.7,100570,0.1,7799
4846776,Marshall,TX,"Marshall, TX",3,23509,9473,40.3,49162,0.1,7836
1236950,Kissimmee,FL,"Kissimmee, FL",10,78478,7687,9.8,45319,0.1,7848
3714700,Cornelius,NC,"Cornelius, NC",4,31396,1499,4.8,107969,0.1,7849
1047030,Middletown,DE,"Middletown, DE",3,23573,7172,30.4,104662,0.1,7858
1253000,Orlando,FL,"Orlando, FL",39,307738,71661,23.3,66292,0.1,7891
3401347500,Montclair,NJ,"Montclair, NJ",5,39783,8014,20.1,158765,0.1,7957
3400581440,Willingboro,NJ,"Willingboro, NJ",4,31846,21144,66.4,88516,0.1,7962
2815380,Columbus,MS,"Columbus, MS",3,23896,15262,63.9,38954,0.1,7965
2248785,Marrero,LA,"Marrero, LA",4,32003,15744,49.2,47757,0.1,8001
3110110,Columbus,NE,"Columbus, NE",3,24035,150,0.6,65341,0.1,8012
2870240,Starkville,MS,"Starkville, MS",3,24274,8252,34,36076,0.1,8091
4140550,Lake Oswego,OR,"Lake Oswego, OR",5,40457,477,1.2,127252,0.1,8091
0412000,Chandler,AZ,"Chandler, AZ",34,275618,15870,5.8,99374,0.1,8106
2236255,Houma,LA,"Houma, LA",4,33094,6865,20.7,56823,0.1,8274
1373256,Statesboro,GA,"Statesboro, GA",4,33185,14197,42.8,38845,0.1,8296
4916270,Cottonwood Heights,UT,"Cottonwood Heights, UT",4,33257,185,0.6,110197,0.1,8314
4876816,Waxahachie,TX,"Waxahachie, TX",5,41801,7112,17,80044,0.1,8360
0135896,Hoover,AL,"Hoover, AL",11,91995,18210,19.8,101765,0.1,8363
0824785,Englewood,CO,"Englewood, CO",4,33634,1395,4.1,79375,0.1,8408
4545115,Mauldin,SC,"Mauldin, SC",3,25267,6170,24.4,75565,0.1,8422
1704845,Belleville,IL,"Belleville, IL",5,42155,12897,30.6,60573,0.1,8431
0639122,Lafayette,CA,"Lafayette, CA",3,25310,157,0.6,219250,0.1,8437
2039075,Leawood,KS,"Leawood, KS",4,33784,321,1,174779,0.1,8446
5170000,Salem,VA,"Salem, VA",3,25372,2003,7.9,68402,0.1,8457
1243975,Melbourne,FL,"Melbourne, FL",10,84982,8659,10.2,60917,0.1,8498
5372905,Tumwater,WA,"Tumwater, WA",3,25617,923,3.6,84177,0.1,8539
1273900,Venice,FL,"Venice, FL",3,25710,208,0.8,68843,0.1,8570
3988000,Youngstown,OH,"Youngstown, OH",7,60048,25124,41.8,34295,0.1,8578
1270600,Tallahassee,FL,"Tallahassee, FL",23,198259,70450,35.5,52899,0.1,8620
3948790,Medina,OH,"Medina, OH",3,26092,1033,4,74820,0.1,8697
2846640,Meridian,MS,"Meridian, MS",4,34990,22770,65.1,32797,0.1,8748
0668028,San Juan Capistrano,CA,"San Juan Capistrano, CA",4,35099,211,0.6,123474,0.1,8775
0645400,Manhattan Beach,CA,"Manhattan Beach, CA",4,35123,148,0.4,187217,0.1,8781
1704078,Batavia,IL,"Batavia, IL",3,26355,622,2.4,113824,0.1,8785
1224125,Fort Myers,FL,"Fort Myers, FL",10,88699,19724,22.2,57403,0.1,8870
5578600,Sun Prairie,WI,"Sun Prairie, WI",4,35847,2750,7.7,90384,0.1,8962
0151000,Montgomery,AL,"Montgomery, AL",22,199819,125354,62.7,54166,0.1,9083
1979950,Urbandale,IA,"Urbandale, IA",5,45591,1975,4.3,111888,0.1,9118
0665084,San Clemente,CA,"San Clemente, CA",7,64232,1057,1.6,134730,0.1,9176
2752594,Prior Lake,MN,"Prior Lake, MN",3,27608,339,1.2,129539,0.1,9203
4561405,Rock Hill,SC,"Rock Hill, SC",8,74170,28349,38.2,60807,0.1,9271
0119648,Daphne,AL,"Daphne, AL",3,27861,4007,14.4,80657,0.1,9287
1207950,Bradenton,FL,"Bradenton, FL",6,55795,8235,14.8,55795,0.1,9299
0648256,Mission Viejo,CA,"Mission Viejo, CA",10,93233,1107,1.2,136570,0.1,9323
2130700,Georgetown,KY,"Georgetown, KY",4,37510,2218,5.9,74530,0.1,9378
2612585480,West Bloomfield,MI,"West Bloomfield, MI",7,65816,9066,13.8,121282,0.1,9402
2254035,New Iberia,LA,"New Iberia, LA",3,28363,12682,44.7,47108,0.1,9454
1251075,Ocoee,FL,"Ocoee, FL",5,47290,10465,22.1,88828,0.1,9458
3949056,Mentor,OH,"Mentor, OH",5,47302,835,1.8,84503,0.1,9460
4819972,Denton,TX,"Denton, TX",15,142262,16335,11.5,71921,0.1,9484
32082,Ponte Vedra Beach,FL,"Ponte Vedra Beach, FL",3,28697,578,2,121484,0.1,9566
4967000,Salt Lake City,UT,"Salt Lake City, UT",21,201269,6119,3,72357,0.1,9584
1373704,Stockbridge,GA,"Stockbridge, GA",3,28858,19039,66,72175,0.1,9619
2408775,Bowie,MD,"Bowie, MD",6,57922,33095,57.1,138797,0.1,9654
2255000,New Orleans,LA,"New Orleans, LA",39,380408,216866,57,51116,0.1,9754
4970850,South Jordan,UT,"South Jordan, UT",8,78118,365,0.5,119822,0.1,9765
1808416,Brownsburg,IN,"Brownsburg, IN",3,29379,2557,8.7,101883,0.1,9793
2205000,Baton Rouge,LA,"Baton Rouge, LA",23,225500,118457,52.5,50155,0.1,9804
0150000,Mobile,AL,"Mobile, AL",19,186316,98951,53.1,48524,0.1,9806
2829180,Greenville,MS,"Greenville, MS",3,29495,24416,82.8,35148,0.1,9832
2445900,Laurel,MD,"Laurel, MD",3,29581,15205,51.4,92035,0.1,9860
3741960,Matthews,NC,"Matthews, NC",3,29613,3592,12.1,103405,0.1,9871
4750780,Mount Juliet,TN,"Mount Juliet, TN",4,39525,3191,8.1,108066,0.1,9881
1257550,Plant City,FL,"Plant City, FL",4,39655,5393,13.6,62015,0.1,9914
4525810,Florence,SC,"Florence, SC",4,39931,20123,50.4,56031,0.1,9983
3903184,Austintown,OH,"Austintown, OH",3,30397,2414,7.9,50241,0.1,10132
33547,Lithia,FL,"Lithia, FL",3,30431,1990,6.5,116464,0.1,10144
3460900,Princeton,NJ,"Princeton, NJ",3,30450,2337,7.7,176695,0.1,10150
0126896,Florence,AL,"Florence, AL",4,40781,7609,18.7,47048,0.1,10195
1623410,Eagle,ID,"Eagle, ID",3,30635,57,0.2,114271,0.1,10212
4716420,Collierville,TN,"Collierville, TN",5,51170,5028,9.8,129729,0.1,10234
23832,Chesterfield,VA,"Chesterfield, VA",4,40992,11220,27.4,100744,0.1,10248
3410000,Camden,NJ,"Camden, NJ",7,71799,30816,42.9,36258,0.1,10257
1886372,Zionsville,IN,"Zionsville, IN",3,30832,796,2.6,152788,0.1,10277
0555310,Pine Bluff,AR,"Pine Bluff, AR",4,41172,31859,77.4,39411,0.1,10293
2108902,Bowling Green,KY,"Bowling Green, KY",7,72385,9360,12.9,47118,0.1,10341
5174592,Springfield,VA,"Springfield, VA",3,31022,3751,12.1,117598,0.1,10341
1257425,Plantation,FL,"Plantation, FL",9,93130,22998,24.7,83074,0.1,10348
0639220,Laguna Hills,CA,"Laguna Hills, CA",3,31170,320,1,122902,0.1,10390
4859696,Prosper,TX,"Prosper, TX",3,31507,2418,7.7,178224,0.1,10502
0640886,Lawndale,CA,"Lawndale, CA",3,31553,2064,6.5,76213,0.1,10518
0177256,Tuscaloosa,AL,"Tuscaloosa, AL",10,105797,45340,42.9,47257,0.1,10580
4816612,Coppell,TX,"Coppell, TX",4,42513,2037,4.8,143817,0.1,10628
5356695,Puyallup,WA,"Puyallup, WA",4,42610,1617,3.8,90592,0.1,10652
1355020,Newnan,GA,"Newnan, GA",4,42689,14958,35,74606,0.1,10672
1781048,Wheaton,IL,"Wheaton, IL",5,53673,1907,3.6,113523,0.1,10735
2044250,Manhattan,KS,"Manhattan, KS",5,54287,2885,5.3,55316,0.1,10857
0657456,Pittsburg,CA,"Pittsburg, CA",7,76419,11601,15.2,98408,0.1,10917
0465000,Scottsdale,AZ,"Scottsdale, AZ",22,240537,5057,2.1,104197,0.1,10934
0103076,Auburn,AL,"Auburn, AL",7,76660,13729,17.9,55509,0.1,10951
4832312,Harker Heights,TX,"Harker Heights, TX",3,33036,9702,29.4,72258,0.1,11012
4944320,Lehi,UT,"Lehi, UT",7,77110,372,0.5,117243,0.1,11016
0644112,Los Gatos,CA,"Los Gatos, CA",3,33093,391,1.2,198117,0.1,11031
5111464,Burke,VA,"Burke, VA",4,44228,3068,6.9,172432,0.1,11057
2240735,Lafayette,LA,"Lafayette, LA",11,121706,35489,29.2,58850,0.1,11064
0646870,Menlo Park,CA,"Menlo Park, CA",3,33324,1116,3.3,198273,0.1,11108
3925970,Fairfield,OH,"Fairfield, OH",4,44602,7834,17.6,67182,0.1,11150
0604982,Bellflower,CA,"Bellflower, CA",7,78352,9587,12.2,75379,0.1,11193
4287048,York,PA,"York, PA",4,44782,11874,26.5,42351,0.1,11196
1882862,West Lafayette,IN,"West Lafayette, IN",4,44861,1716,3.8,30317,0.1,11215
1760287,Plainfield,IL,"Plainfield, IL",4,44941,4196,9.3,143064,0.1,11235
2200975,Alexandria,LA,"Alexandria, LA",4,45133,25039,55.5,49049,0.1,11283
5107784,Blacksburg,VA,"Blacksburg, VA",4,45147,2185,4.8,42012,0.1,11287
0128696,Gadsden,AL,"Gadsden, AL",3,33881,12741,37.6,39696,0.1,11294
4838632,Keller,TX,"Keller, TX",4,45320,1258,2.8,162094,0.1,11330
4907690,Bountiful,UT,"Bountiful, UT",4,45353,559,1.2,96060,0.1,11338
4845072,Lufkin,TX,"Lufkin, TX",3,34165,6306,18.5,57938,0.1,11388
2638640,Holland,MI,"Holland, MI",3,34186,1928,5.6,69152,0.1,11395
0656000,Pasadena,CA,"Pasadena, CA",12,137554,11022,8,97818,0.1,11463
3419390,East Orange,NJ,"East Orange, NJ",6,68879,55532,80.6,58659,0.1,11480
2039350,Lenexa,KS,"Lenexa, KS",5,57497,3963,6.9,101074,0.1,11499
4804000,Arlington,TX,"Arlington, TX",34,393469,89659,22.8,71736,0.1,11573
2481175,Waldorf,MD,"Waldorf, MD",7,81077,51052,63,111454,0.1,11582
4843888,Longview,TX,"Longview, TX",7,82176,17970,21.9,61003,0.1,11739
1276600,West Palm Beach,FL,"West Palm Beach, FL",10,117588,37945,32.3,64044,0.1,11759
0611530,Carson,CA,"Carson, CA",8,94475,21222,22.5,103045,0.1,11809
3758860,Salisbury,NC,"Salisbury, NC",3,35437,13217,37.3,48888,0.1,11812
4848096,Midlothian,TX,"Midlothian, TX",3,35460,3295,9.3,119323,0.1,11820
4874144,Tyler,TX,"Tyler, TX",9,106440,25663,24.1,63056,0.1,11827
4872656,The Woodlands,TX,"The Woodlands, TX",10,118402,3788,3.2,142384,0.1,11840
2458900,Olney,MD,"Olney, MD",3,35522,4732,13.3,166541,0.1,11841
2038900,Lawrence,KS,"Lawrence, KS",8,95103,4650,4.9,59834,0.1,11888
0659587,Rancho Santa Margarita,CA,"Rancho Santa Margarita, CA",4,47702,819,1.7,150146,0.1,11926
1882700,Westfield,IN,"Westfield, IN",4,48262,1539,3.2,117519,0.1,12066
1848528,Merrillville,IN,"Merrillville, IN",3,36214,16751,46.3,62221,0.1,12071
5414600,Charleston,WV,"Charleston, WV",4,48415,6257,12.9,58902,0.1,12104
5114440,Centreville,VA,"Centreville, VA",6,72680,5112,7,136679,0.1,12113
5144984,Leesburg,VA,"Leesburg, VA",4,48465,5047,10.4,132298,0.1,12116
5527300,Franklin,WI,"Franklin, WI",3,36513,1396,3.8,100524,0.1,12171
1707133,Bolingbrook,IL,"Bolingbrook, IL",6,73755,13192,17.9,102057,0.1,12292
4733280,Hendersonville,TN,"Hendersonville, TN",5,61589,5385,8.7,86954,0.1,12318
3400757660,Pennsauken,NJ,"Pennsauken, NJ",3,36984,10973,29.7,80248,0.1,12328
4530985,Greer,SC,"Greer, SC",3,37010,6191,16.7,73534,0.1,12337
0458150,Queen Creek,AZ,"Queen Creek, AZ",5,61788,2127,3.4,127182,0.1,12358
4752006,Nashville,TN,"Nashville, TN",55,684103,183398,26.8,71328,0.1,12438
3744220,Mooresville,NC,"Mooresville, NC",4,50025,5179,10.4,82622,0.1,12506
1260975,Riviera Beach,FL,"Riviera Beach, FL",3,37668,24632,65.4,57851,0.1,12556
2674900,Southfield,MI,"Southfield, MI",6,76107,49680,65.3,63980,0.1,12684
0162328,Prattville,AL,"Prattville, AL",3,38124,7479,19.6,76176,0.1,12708
4056650,Owasso,OK,"Owasso, OK",3,38134,1435,3.8,79183,0.1,12711
2941348,Lee's Summit,MO,"Lee's Summit, MO",8,101728,9103,8.9,103447,0.1,12716
2718116,Eden Prairie,MN,"Eden Prairie, MN",5,63623,4325,6.8,129345,0.1,12725
4568290,Spartanburg,SC,"Spartanburg, SC",3,38301,17217,45,49140,0.1,12767
4869596,Spring,TX,"Spring, TX",5,63930,13795,21.6,83754,0.1,12786
4740000,Knoxville,TN,"Knoxville, TN",15,191857,30902,16.1,48309,0.1,12790
1216875,DeLand,FL,"DeLand, FL",3,38392,5436,14.2,71439,0.1,12797
5551000,Menomonee Falls,WI,"Menomonee Falls, WI",3,38610,1590,4.1,96986,0.1,12870
0608142,Brentwood,CA,"Brentwood, CA",5,64443,6577,10.2,134689,0.1,12889
5337900,Lake Stevens,WA,"Lake Stevens, WA",3,38816,1114,2.9,111821,0.1,12939
1805860,Bloomington,IN,"Bloomington, IN",6,79006,3755,4.8,46543,0.1,13168
1253575,Oviedo,FL,"Oviedo, FL",3,39552,2296,5.8,116764,0.1,13184
3137000,Omaha,NE,"Omaha, NE",37,489201,58246,11.9,70202,0.1,13222
1579700,Waipahu,HI,"Waipahu, HI",3,39873,220,0.6,87961,0.1,13291
4815976,College Station,TX,"College Station, TX",9,120451,9998,8.3,52397,0.1,13383
1751622,Naperville,IL,"Naperville, IL",11,149089,6883,4.6,143754,0.1,13554
2401600,Annapolis,MD,"Annapolis, MD",3,40719,9336,22.9,97219,0.1,13573
0505320,Bentonville,AR,"Bentonville, AR",4,54513,2077,3.8,99074,0.1,13628
4827648,Friendswood,TX,"Friendswood, TX",3,40888,1809,4.4,121301,0.1,13629
4273808,State College,PA,"State College, PA",3,40902,1302,3.2,43459,0.1,13634
1902305,Ankeny,IA,"Ankeny, IA",5,68392,748,1.1,101151,0.1,13678
4965330,St. George,UT,"St. George, UT",7,96174,670,0.7,69333,0.1,13739
4261000,Pittsburgh,PA,"Pittsburgh, PA",22,303843,70584,23.2,60187,0.1,13811
4856348,Pearland,TX,"Pearland, TX",9,124478,23059,18.5,111123,0.1,13831
4872176,Temple,TX,"Temple, TX",6,83473,10995,13.2,61003,0.1,13912
4727740,Franklin,TN,"Franklin, TN",6,83630,5290,6.3,106592,0.1,13938
3921434,Delaware,OH,"Delaware, OH",3,41926,2051,4.9,86387,0.1,13975
4876000,Waco,TX,"Waco, TX",10,140545,28706,20.4,47421,0.1,14054
2622000,Detroit,MI,"Detroit, MI",45,636787,495533,77.8,37761,0.1,14151
4052500,Norman,OK,"Norman, OK",9,127701,6412,5,62849,0.1,14189
5148952,Manassas,VA,"Manassas, VA",3,42620,5708,13.4,110559,0.1,14207
4971290,Spanish Fork,UT,"Spanish Fork, UT",3,42694,252,0.6,93989,0.1,14231
5320750,Edmonds,WA,"Edmonds, WA",3,42705,875,2,110057,0.1,14235
1225175,Gainesville,FL,"Gainesville, FL",10,142414,31182,21.9,43783,0.1,14241
0145784,Madison,AL,"Madison, AL",4,56967,8409,14.8,118132,0.1,14242
0836410,Highlands Ranch,CO,"Highlands Ranch, CO",7,101514,1130,1.1,148227,0.1,14502
2906652,Blue Springs,MO,"Blue Springs, MO",4,58720,3955,6.7,82965,0.1,14680
2759350,Shakopee,MN,"Shakopee, MN",3,44135,3653,8.3,103924,0.1,14712
0427400,Gilbert,AZ,"Gilbert, AZ",18,267267,10847,4.1,115179,0.1,14848
1938595,Iowa City,IA,"Iowa City, IA",5,74878,6359,8.5,54879,0.1,14976
3714100,Concord,NC,"Concord, NC",7,105335,23368,22.2,83480,0.1,15048
4863500,Round Rock,TX,"Round Rock, TX",8,120465,13322,11.1,91888,0.1,15058
3712000,Charlotte,NC,"Charlotte, NC",58,875045,308131,35.2,74070,0.1,15087
2624120,East Lansing,MI,"East Lansing, MI",3,45403,3383,7.5,44094,0.1,15134
1912000,Cedar Rapids,IA,"Cedar Rapids, IA",9,136929,11847,8.7,66895,0.1,15214
5305280,Bellingham,WA,"Bellingham, WA",6,91353,1176,1.3,64026,0.1,15226
1263000,St. Petersburg,FL,"St. Petersburg, FL",17,259343,52156,20.1,70333,0.1,15255
1232000,Hollywood,FL,"Hollywood, FL",10,152764,27990,18.3,61958,0.1,15276
4206088,Bethlehem,PA,"Bethlehem, PA",5,76555,7034,9.2,62072,0.1,15311
4751560,Murfreesboro,TN,"Murfreesboro, TN",10,153487,27340,17.8,70451,0.1,15349
1702154,Arlington Heights,IL,"Arlington Heights, IL",5,76794,2123,2.8,113502,0.1,15359
3975098,Strongsville,OH,"Strongsville, OH",3,46165,1148,2.5,101176,0.1,15388
2463300,Potomac,MD,"Potomac, MD",3,46499,2653,5.7,218710,0.1,15500
1916860,Council Bluffs,IA,"Council Bluffs, IA",4,62670,1348,2.2,61181,0.1,15668
0678120,Temecula,CA,"Temecula, CA",7,110114,4322,3.9,111881,0.1,15731
4023200,Edmond,OK,"Edmond, OK",6,94503,5048,5.3,96389,0.1,15750
3933012,Hamilton,OH,"Hamilton, OH",4,63149,5608,8.9,52995,0.1,15787
5147672,Lynchburg,VA,"Lynchburg, VA",5,79166,21824,27.6,56243,0.1,15833
0523290,Fayetteville,AR,"Fayetteville, AR",6,95022,5116,5.4,56881,0.1,15837
3901000,Akron,OH,"Akron, OH",12,190273,56085,29.5,46596,0.1,15856
1250750,Ocala,FL,"Ocala, FL",4,63504,13155,20.7,50618,0.1,15876
3947138,Mansfield,OH,"Mansfield, OH",3,47630,9236,19.4,40996,0.1,15877
1729938,Glenview,IL,"Glenview, IL",3,47896,677,1.4,134910,0.1,15965
1258050,Pompano Beach,FL,"Pompano Beach, FL",7,111790,33396,29.9,61155,0.1,15970
1380508,Warner Robins,GA,"Warner Robins, GA",5,80374,32722,40.7,63678,0.1,16075
3401379800,West Orange,NJ,"West Orange, NJ",3,48399,13079,27,127931,0.1,16133
1271900,Titusville,FL,"Titusville, FL",3,48595,7297,15,56700,0.1,16198
3901783150,West Chester,OH,"West Chester, OH",4,64794,6129,9.5,106150,0.1,16198
4841980,League City,TX,"League City, TX",7,113469,9140,8.1,117316,0.1,16210
2521990,Everett,MA,"Everett, MA",3,48685,6676,13.7,77796,0.1,16228
2404000,Baltimore,MD,"Baltimore, MD",36,584548,358028,61.2,58349,0.1,16237
0515190,Conway,AR,"Conway, AR",4,65159,12101,18.6,54036,0.1,16290
2665560,Portage,MI,"Portage, MI",3,48936,2554,5.2,74837,0.1,16312
4962470,Provo,UT,"Provo, UT",7,114400,1047,0.9,57943,0.1,16343
0649670,Mountain View,CA,"Mountain View, CA",5,82132,1733,2.1,174156,0.1,16426
4830464,Grand Prairie,TX,"Grand Prairie, TX",12,197279,46057,23.3,76626,0.1,16440
2241155,Lake Charles,LA,"Lake Charles, LA",5,82430,37754,45.8,54761,0.1,16486
5148376,McLean,VA,"McLean, VA",3,49587,1132,2.3,250001,0.1,16529
2913600,Chesterfield,MO,"Chesterfield, MO",3,49645,1692,3.4,137052,0.1,16548
1571550,Honolulu,HI,"Honolulu, HI",21,348547,6249,1.8,82772,0.1,16597
5361115,Sammamish,WA,"Sammamish, WA",4,66586,961,1.4,215047,0.1,16646
4805000,Austin,TX,"Austin, TX",57,958202,75432,7.9,86556,0.1,16811
4830644,Grapevine,TX,"Grapevine, TX",3,50763,3265,6.4,107165,0.1,16921
4810912,Bryan,TX,"Bryan, TX",5,84820,14623,17.2,55234,0.1,16964
1849932,Mishawaka,IN,"Mishawaka, IN",3,50899,4373,8.6,51543,0.1,16966
1276582,Weston,FL,"Weston, FL",4,68029,2655,3.9,132832,0.1,17007
4748000,Memphis,TN,"Memphis, TN",37,630027,405463,64.4,48090,0.1,17028
2836000,Jackson,MS,"Jackson, MS",9,153271,125946,82.2,42193,0.1,17030
0651182,Newport Beach,CA,"Newport Beach, CA",5,85159,701,0.8,149471,0.1,17032
4770580,Spring Hill,TN,"Spring Hill, TN",3,51319,2275,4.4,104880,0.1,17106
5303180,Auburn,WA,"Auburn, WA",5,85623,6410,7.5,87406,0.1,17125
3921000,Dayton,OH,"Dayton, OH",8,137305,52202,38,41443,0.1,17163
2431175,Gaithersburg,MD,"Gaithersburg, MD",4,69016,11208,16.2,104544,0.1,17254
2036000,Kansas City,KS,"Kansas City, KS",9,155438,34019,21.9,56120,0.1,17271
0616350,Corona,CA,"Corona, CA",9,158346,9377,5.9,103727,0.1,17594
2735180,Lakeville,MN,"Lakeville, MN",4,70696,3191,4.5,129069,0.1,17674
2052575,Olathe,KS,"Olathe, KS",8,142114,7347,5.2,108077,0.1,17764
4075000,Tulsa,OK,"Tulsa, OK",23,411938,60242,14.6,56648,0.1,17910
0672016,Simi Valley,CA,"Simi Valley, CA",7,126153,1253,1,112144,0.1,18022
0667112,San Jacinto,CA,"San Jacinto, CA",3,54077,4205,7.8,73682,0.1,18026
2432025,Germantown,MD,"Germantown, MD",5,90210,22730,25.2,109268,0.1,18042
3403177840,Wayne,NJ,"Wayne, NJ",3,54143,1488,2.7,147740,0.1,18048
1216525,Daytona Beach,FL,"Daytona Beach, FL",4,73329,23446,32,47608,0.1,18332
0541000,Little Rock,AR,"Little Rock, AR",11,202218,83874,41.5,58697,0.1,18383
1239550,Lauderhill,FL,"Lauderhill, FL",4,73987,58670,79.3,48523,0.1,18497
1319000,Columbus,GA,"Columbus, GA",11,204572,95323,46.6,54561,0.1,18597
1371492,Smyrna,GA,"Smyrna, GA",3,55863,18566,33.2,92258,0.1,18621
3702140,Asheville,NC,"Asheville, NC",5,93695,9735,10.4,63810,0.1,18739
1235000,Jacksonville,FL,"Jacksonville, FL",50,950203,289093,30.4,64138,0.1,19004
4009050,Broken Arrow,OK,"Broken Arrow, OK",6,114237,6456,5.7,82547,0.1,19040
0611194,Carlsbad,CA,"Carlsbad, CA",6,114745,1357,1.2,134139,0.1,19124
4967440,Sandy,UT,"Sandy, UT",5,95635,822,0.9,108165,0.1,19127
0602252,Antioch,CA,"Antioch, CA",6,115016,22446,19.5,90709,0.1,19169
2478425,Towson,MD,"Towson, MD",3,57617,9352,16.2,98425,0.1,19206
1269700,Sunrise,FL,"Sunrise, FL",5,96510,32703,33.9,66001,0.1,19302
4241216,Lancaster,PA,"Lancaster, PA",3,57970,10089,17.4,61014,0.1,19323
4957300,Orem,UT,"Orem, UT",5,97100,686,0.7,77568,0.1,19420
3974118,Springfield,OH,"Springfield, OH",3,58645,10210,17.4,45113,0.1,19548
0535710,Jonesboro,AR,"Jonesboro, AR",4,78379,17071,21.8,51124,0.1,19595
2148006,Louisville,KY,"Louisville, KY",32,629176,150640,23.9,63114,0.1,19662
2053775,Overland Park,KS,"Overland Park, KS",10,196676,9547,4.9,100876,0.1,19668
1254075,Palm Beach Gardens,FL,"Palm Beach Gardens, FL",3,59088,2694,4.6,106544,0.1,19696
0636000,Huntington Beach,CA,"Huntington Beach, CA",10,197481,2415,1.2,114747,0.1,19748
1922395,Dubuque,IA,"Dubuque, IA",3,59315,2406,4.1,63520,0.1,19772
3728000,Greensboro,NC,"Greensboro, NC",15,297202,127965,43.1,55051,0.1,19813
3401334450,Irvington,NJ,"Irvington, NJ",3,60268,49604,82.3,57293,0,20089
0628168,Gardena,CA,"Gardena, CA",3,60377,11959,19.8,75443,0,20126
3240000,Las Vegas,NV,"Las Vegas, NV",32,644835,75806,11.8,66356,0,20151
0639892,Lakewood,CA,"Lakewood, CA",4,81499,7108,8.7,113030,0,20375
2472450,Silver Spring,MD,"Silver Spring, MD",4,81808,24320,29.7,95213,0,20452
4879000,Wichita Falls,TX,"Wichita Falls, TX",5,102482,12757,12.4,55584,0,20496
1342425,Johns Creek,GA,"Johns Creek, GA",4,82230,9049,11,153882,0,20558
2627440,Farmington Hills,MI,"Farmington Hills, MI",4,83562,14863,17.8,101728,0,20890
4049200,Moore,OK,"Moore, OK",3,62685,2971,4.7,73285,0,20895
4819000,Dallas,TX,"Dallas, TX",62,1300642,307086,23.6,63985,0,20978
2915670,Columbia,MO,"Columbia, MO",6,126172,14111,11.2,60455,0,21029
5338038,Lakewood,WA,"Lakewood, WA",3,63142,8940,14.2,65531,0,21047
1303440,Athens,GA,"Athens, GA",6,126672,33810,26.7,47798,0,21112
2146027,Lexington,KY,"Lexington, KY",15,321276,47240,14.7,66087,0,21418
4857176,Pflugerville,TX,"Pflugerville, TX",3,64528,11138,17.3,111151,0,21509
4845000,Lubbock,TX,"Lubbock, TX",12,258190,20677,8,58734,0,21516
5157000,Norfolk,VA,"Norfolk, VA",11,236973,96487,40.7,60998,0,21543
4835000,Houston,TX,"Houston, TX",106,2296253,514692,22.4,60440,0,21663
3701520,Apex,NC,"Apex, NC",3,65541,5149,7.9,129688,0,21847
5370000,Tacoma,WA,"Tacoma, WA",10,219234,23321,10.6,79085,0,21923
2239475,Kenner,LA,"Kenner, LA",3,65785,11886,18.1,60557,0,21928
4839148,Killeen,TX,"Killeen, TX",7,153708,59811,38.9,57086,0,21958
3755000,Raleigh,NC,"Raleigh, NC",21,465517,131013,28.1,78631,0,22167
1217100,Delray Beach,FL,"Delray Beach, FL",3,66646,19966,30,76558,0,22215
1245060,Miami Gardens,FL,"Miami Gardens, FL",5,111618,72624,65.1,56071,0,22324
5101000,Alexandria,VA,"Alexandria, VA",7,157594,33645,21.3,113179,0,22513
2064500,Shawnee,KS,"Shawnee, KS",3,67671,4566,6.7,100649,0,22557
0686832,Yorba Linda,CA,"Yorba Linda, CA",3,68035,789,1.2,148325,0,22678
3775000,Winston-Salem,NC,"Winston-Salem, NC",11,249571,82945,33.2,54416,0,22688
1301052,Albany,GA,"Albany, GA",3,68926,52084,75.6,43724,0,22975
2740166,Maple Grove,MN,"Maple Grove, MN",3,70110,5347,7.6,127001,0,23370
4852356,North Richland Hills,TX,"North Richland Hills, TX",3,70114,4547,6.5,88656,0,23371
1854180,Noblesville,IN,"Noblesville, IN",3,70442,3751,5.3,99458,0,23481
0610046,Camarillo,CA,"Camarillo, CA",3,70622,2449,3.5,105141,0,23541
0668196,San Marcos,CA,"San Marcos, CA",4,94360,1647,1.7,99413,0,23590
2432650,Glen Burnie,MD,"Glen Burnie, MD",3,71427,18359,25.7,86283,0,23809
1836003,Indianapolis,IN,"Indianapolis, IN",37,882006,254390,28.8,59110,0,23838
0137000,Huntsville,AL,"Huntsville, AL",9,215025,65393,30.4,67874,0,23892
4829336,Georgetown,TX,"Georgetown, TX",3,71788,3758,5.2,87465,0,23929
4159000,Portland,OR,"Portland, OR",27,646101,37986,5.9,85876,0,23930
3734200,Jacksonville,NC,"Jacksonville, NC",3,71908,13428,18.7,50185,0,23969
2938000,Kansas City,MO,"Kansas City, MO",21,505958,132741,26.2,65256,0,24093
0614218,Clovis,CA,"Clovis, CA",5,120607,3692,3.1,98554,0,24121
0680812,Turlock,CA,"Turlock, CA",3,72504,1637,2.3,74559,0,24168
0643000,Long Beach,CA,"Long Beach, CA",19,462293,55623,12,78995,0,24331
1207300,Boca Raton,FL,"Boca Raton, FL",4,97980,6074,6.2,95570,0,24495
5168000,Roanoke,VA,"Roanoke, VA",4,99213,29140,29.4,51523,0,24803
1239925,Lehigh Acres,FL,"Lehigh Acres, FL",5,124440,23963,19.3,59733,0,24888
5323515,Federal Way,WA,"Federal Way, WA",4,99614,16351,16.4,80360,0,24904
0659451,Rancho Cucamonga,CA,"Rancho Cucamonga, CA",7,174696,15440,8.8,105534,0,24957
0678582,Thousand Oaks,CA,"Thousand Oaks, CA",5,126532,2554,2,125399,0,25306
2567000,Springfield,MA,"Springfield, MA",6,155305,31874,20.5,47677,0,25884
0668252,San Mateo,CA,"San Mateo, CA",4,104165,1954,1.9,149152,0,26041
0681344,Upland,CA,"Upland, CA",3,78847,5683,7.2,93994,0,26282
3128000,Lincoln,NE,"Lincoln, NE",11,290531,11978,4.1,67846,0,26412
2270000,Shreveport,LA,"Shreveport, LA",7,186183,105368,56.6,45967,0,26598
1921000,Des Moines,IA,"Des Moines, IA",8,213164,25057,11.8,62378,0,26646
2419125,Columbia,MD,"Columbia, MD",4,106600,30057,28.2,124537,0,26650
1207875,Boynton Beach,FL,"Boynton Beach, FL",3,80068,27502,34.3,68875,0,26689
3725580,Gastonia,NC,"Gastonia, NC",3,80615,24031,29.8,58047,0,26872
1245975,Miramar,FL,"Miramar, FL",5,135158,62590,46.3,81812,0,27032
4870808,Sugar Land,TX,"Sugar Land, TX",4,110077,7887,7.2,132247,0,27519
0650076,Murrieta,CA,"Murrieta, CA",4,111899,6109,5.5,106925,0,27975
4845744,McKinney,TX,"McKinney, TX",7,196160,22921,11.7,113286,0,28023
5182000,Virginia Beach,VA,"Virginia Beach, VA",16,457900,86497,18.9,87544,0,28619
4807000,Beaumont,TX,"Beaumont, TX",4,114573,52240,45.6,53745,0,28643
1216725,Deerfield Beach,FL,"Deerfield Beach, FL",3,86455,20678,23.9,53741,0,28818
0566080,Springdale,AR,"Springdale, AR",3,86705,2928,3.4,59985,0,28902
0641992,Livermore,CA,"Livermore, CA",3,87154,1511,1.7,152590,0,29051
4982950,West Jordan,UT,"West Jordan, UT",4,116383,1502,1.3,99002,0,29096
3710740,Cary,NC,"Cary, NC",6,174880,14477,8.3,125317,0,29147
0653896,Ontario,CA,"Ontario, CA",6,176326,9842,5.6,78070,0,29388
1825000,Fort Wayne,IN,"Fort Wayne, IN",9,264514,40285,15.2,58233,0,29390
4847892,Mesquite,TX,"Mesquite, TX",5,149439,37169,24.9,69649,0,29888
3474000,Trenton,NJ,"Trenton, NJ",3,90055,40971,45.5,44444,0,30018
0477000,Tucson,AZ,"Tucson, AZ",18,541033,25817,4.8,52049,0,30057
2609950480,Macomb Township,MI,"Macomb Township, MI",3,91418,4632,5.1,112110,0,30473
4816432,Conroe,TX,"Conroe, TX",3,92475,10522,11.4,71630,0,30825
4842508,Lewisville,TX,"Lewisville, TX",4,125028,15791,12.6,82006,0,31257
4263624,Reading,PA,"Reading, PA",3,94601,10622,11.2,42852,0,31534
3719000,Durham,NC,"Durham, NC",9,284094,102698,36.1,74710,0,31566
0615044,Compton,CA,"Compton, CA",3,94822,24121,25.4,69728,0,31607
5176432,Suffolk,VA,"Suffolk, VA",3,94856,39413,41.6,87758,0,31619
0454050,Peoria,AZ,"Peoria, AZ",6,191292,6817,3.6,86759,0,31882
4827000,Fort Worth,TX,"Fort Worth, TX",29,924663,177635,19.2,72726,0,31885
5164000,Portsmouth,VA,"Portsmouth, VA",3,97384,50091,51.4,57154,0,32461
0428380,Goodyear,AZ,"Goodyear, AZ",3,97542,6019,6.2,97307,0,32514
5367000,Spokane,WA,"Spokane, WA",7,227922,6006,2.6,63316,0,32560
1823278,Fishers,IN,"Fishers, IN",3,99041,5057,5.1,126548,0,33014
4848072,Midland,TX,"Midland, TX",4,132490,10573,8,90448,0,33122
0655156,Palmdale,CA,"Palmdale, CA",5,166895,20452,12.3,78414,0,33379
1150000,Washington,DC,"Washington, DC",20,670587,297101,44.3,101722,0,33529
0666000,San Diego,CA,"San Diego, CA",41,1383987,81231,5.9,98657,0,33756
0681554,Vacaville,CA,"Vacaville, CA",3,101631,8524,8.4,106764,0,33877
3451000,Newark,NJ,"Newark, NJ",9,307355,144557,47,46460,0,34151
0653980,Orange,CA,"Orange, CA",4,138728,2116,1.5,109335,0,34682
4829000,Garland,TX,"Garland, TX",7,244026,38113,15.6,71044,0,34861
2509000,Brockton,MA,"Brockton, MA",3,104713,42203,40.3,74016,0,34904
5363000,Seattle,WA,"Seattle, WA",21,734603,49534,6.7,116068,0,34981
2250115,Metairie,LA,"Metairie, LA",4,140046,15223,10.9,72070,0,35012
1216475,Davie,FL,"Davie, FL",3,105821,7618,7.2,84346,0,35274
4123850,Eugene,OR,"Eugene, OR",5,176755,2653,1.5,61481,0,35351
5116000,Chesapeake,VA,"Chesapeake, VA",7,249377,73034,29.3,92703,0,35625
0812815,Centennial,CO,"Centennial, CO",3,107702,2544,2.4,124617,0,35901
3436000,Jersey City,NJ,"Jersey City, NJ",8,287899,61946,21.5,91151,0,35987
3673000,Syracuse,NY,"Syracuse, NY",4,146134,42408,29,43584,0,36534
0665042,Ventura,CA,"Ventura, CA",3,110358,1739,1.6,96036,0,36786
0662938,Roseville,CA,"Roseville, CA",4,148879,3007,2,112265,0,37220
4513330,Charleston,SC,"Charleston, SC",4,149960,27305,18.2,83891,0,37490
5305210,Bellevue,WA,"Bellevue, WA",4,150606,3956,2.6,149551,0,37652
2646000,Lansing,MI,"Lansing, MI",3,112986,26796,23.7,50747,0,37662
0619766,Downey,CA,"Downey, CA",3,113052,4285,3.8,84236,0,37684
1759000,Peoria,IL,"Peoria, IL",3,113054,29886,26.4,58068,0,37685
4853388,Odessa,TX,"Odessa, TX",3,113353,7549,6.7,71293,0,37784
1772000,Springfield,IL,"Springfield, IL",3,114214,23151,20.3,62419,0,38071
0660620,Richmond,CA,"Richmond, CA",3,115619,21156,18.3,86618,0,38540
0446000,Mesa,AZ,"Mesa, AZ",13,503390,23375,4.6,73766,0,38722
2743000,Minneapolis,MN,"Minneapolis, MN",11,426877,79138,18.5,76332,0,38807
0669000,Santa Ana,CA,"Santa Ana, CA",8,311379,3350,1.1,84210,0,38922
1349008,Macon,GA,"Macon, GA",4,156554,85028,54.3,48897,0,39138
3457000,Paterson,NJ,"Paterson, NJ",4,157864,38481,24.4,52092,0,39466
2079000,Wichita,KS,"Wichita, KS",10,395951,39231,9.9,60712,0,39595
0623182,Fairfield,CA,"Fairfield, CA",3,119420,18273,15.3,98857,0,39807
1652120,Meridian,ID,"Meridian, ID",3,119872,1809,1.5,93296,0,39957
4055000,Oklahoma City,OK,"Oklahoma City, OK",17,681088,93143,13.7,64251,0,40064
4803000,Amarillo,TX,"Amarillo, TX",5,200360,14308,7.1,60628,0,40072
0633000,Hayward,CA,"Hayward, CA",4,160602,14482,9,105371,0,40150
0654652,Oxnard,CA,"Oxnard, CA",5,202279,3967,2,90409,0,40456
0606000,Berkeley,CA,"Berkeley, CA",3,121385,9428,7.8,104716,0,40462
0616000,Concord,CA,"Concord, CA",3,125007,4695,3.8,107789,0,41669
1258715,Port St. Lucie,FL,"Port St. Lucie, FL",5,210520,38528,18.3,75040,0,42104
4801000,Abilene,TX,"Abilene, TX",3,126356,13160,10.4,59254,0,42119
0827425,Fort Collins,CO,"Fort Collins, CO",4,168758,2308,1.4,78977,0,42190
0804000,Aurora,CO,"Aurora, CO",9,387349,64408,16.6,78685,0,43039
0664000,Sacramento,CA,"Sacramento, CA",12,523600,65978,12.6,78954,0,43633
0653000,Oakland,CA,"Oakland, CA",10,437825,95412,21.8,94389,0,43782
0662000,Riverside,CA,"Riverside, CA",7,316076,18264,5.8,83448,0,45154
0952000,New Haven,CT,"New Haven, CT",3,135736,40592,29.9,54305,0,45245
0473000,Tempe,AZ,"Tempe, AZ",4,181005,13253,7.3,72022,0,45251
4714000,Chattanooga,TN,"Chattanooga, TN",4,181288,53428,29.5,57703,0,45322
4260000,Philadelphia,PA,"Philadelphia, PA",35,1593208,638907,40.1,57537,0,45520
2684000,Warren,MI,"Warren, MI",3,138588,27510,19.9,61633,0,46196
3916000,Cleveland,OH,"Cleveland, OH",8,370365,172571,46.6,37271,0,46296
4858016,Plano,TX,"Plano, TX",6,284948,25697,9,105679,0,47491
0816000,Colorado Springs,CO,"Colorado Springs, CO",10,479612,28869,6,79026,0,47961
1714000,Chicago,IL,"Chicago, IL",56,2721914,784078,28.8,71673,0,48606
2634000,Grand Rapids,MI,"Grand Rapids, MI",4,198096,35425,17.9,61634,0,49524
0427820,Glendale,AZ,"Glendale, AZ",5,248083,17071,6.9,66375,0,49617
3722920,Fayetteville,NC,"Fayetteville, NC",4,208697,88538,42.4,53424,0,52174
0624680,Fontana,CA,"Fontana, CA",4,209279,17343,8.3,93230,0,52320
3260600,Reno,NV,"Reno, NV",5,265196,9071,3.4,73073,0,53039
3918000,Columbus,OH,"Columbus, OH",17,902449,263000,29.1,62994,0,53085
0675000,Stockton,CA,"Stockton, CA",6,320030,37257,11.6,71612,0,53338
0455000,Phoenix,AZ,"Phoenix, AZ",30,1609456,118457,7.4,72092,0,53649
0627000,Fresno,CA,"Fresno, CA",10,541528,35576,6.6,63001,0,54153
3611000,Buffalo,NY,"Buffalo, NY",5,276688,91963,33.2,46184,0,55338
0669088,Santa Clarita,CA,"Santa Clarita, CA",4,225850,9432,4.2,116186,0,56462
1255775,Pembroke Pines,FL,"Pembroke Pines, FL",3,170472,36518,21.4,77657,0,56824
0640130,Lancaster,CA,"Lancaster, CA",3,171465,36296,21.2,71367,0,57155
0603526,Bakersfield,CA,"Bakersfield, CA",7,404321,25810,6.4,73827,0,57760
0653322,Oceanside,CA,"Oceanside, CA",3,173722,7517,4.3,86701,0,57907
4164900,Salem,OR,"Salem, OR",3,175754,2701,1.5,67540,0,58585
5103000,Arlington,VA,"Arlington, VA",4,235845,21994,9.3,137387,0,58961
1703012,Aurora,IL,"Aurora, IL",3,181405,19343,10.7,85943,0,60468
5374060,Vancouver,WA,"Vancouver, WA",3,190700,5184,2.7,73626,0,63567
4659020,Sioux Falls,SD,"Sioux Falls, SD",3,193401,13172,6.8,71785,0,64467
2582000,Worcester,MA,"Worcester, MA",3,204191,26139,12.8,63011,0,68064
0602000,Anaheim,CA,"Anaheim, CA",5,347111,9047,2.6,88538,0,69422
0649270,Moreno Valley,CA,"Moreno Valley, CA",3,209578,36872,17.6,82637,0,69859
3663000,Rochester,NY,"Rochester, NY",3,210992,79911,37.9,44156,0,70331
0644000,Los Angeles,CA,"Los Angeles, CA",55,3881041,332173,8.6,76244,0,70564
0636770,Irvine,CA,"Irvine, CA",4,304527,5978,2,122948,0,76132
4817000,Corpus Christi,TX,"Corpus Christi, TX",4,317804,12651,4,64449,0,79451
3231900,Henderson,NV,"Henderson, NV",4,318063,19205,6,85311,0,79516
4865000,San Antonio,TX,"San Antonio, TX",18,1445662,95064,6.6,59593,0,80315
2507000,Boston,MA,"Boston, MA",8,665945,150002,22.5,89212,0,83243
5548000,Madison,WI,"Madison, WI",3,268516,19619,7.3,74895,0,89505
3977000,Toledo,OH,"Toledo, OH",3,269962,75862,28.1,45405,0,89987
0613392,Chula Vista,CA,"Chula Vista, CA",3,276103,14315,5.2,101984,0,92034
5553000,Milwaukee,WI,"Milwaukee, WI",6,573299,221344,38.6,49733,0,95550
0820000,Denver,CO,"Denver, CO",7,710800,63002,8.9,85853,0,101543
2758000,St. Paul,MN,"St. Paul, MN",3,308806,48323,15.6,69919,0,102935
0668000,San Jose,CA,"San Jose, CA",9,1001176,29374,2.9,136010,0,111242
0667000,San Francisco,CA,"San Francisco, CA",7,851036,44058,5.2,136689,0,121577
4824000,El Paso,TX,"El Paso, TX",4,677181,24082,3.6,55710,0,169295
3502000,Albuquerque,NM,"Albuquerque, NM",3,562551,17796,3.2,61503,0,187517
3651000,New York,NY,"New York, NY",41,8622467,1992200,23.1,76607,0,210304
